# Blender 4.5.4 LTS
# www.blender.org
mtllib schraube.mtl
o Cylinder.001
v 0.000000 -0.103393 -0.031563
v 0.000000 -0.121755 -0.031563
v 0.000000 -0.044224 -0.031563
v 0.000000 -0.062587 -0.031563
v 0.000000 0.014944 -0.031563
v 0.000000 -0.003418 -0.031563
v 0.000000 0.074113 -0.031563
v 0.000000 0.055751 -0.031563
v 0.000000 0.133282 -0.031563
v 0.000000 0.114920 -0.031563
v 0.000000 0.192451 -0.031563
v 0.000000 0.174088 -0.031563
v 0.006158 0.174088 -0.030957
v 0.006158 0.192451 -0.030957
v 0.006158 0.114920 -0.030957
v 0.006158 0.133282 -0.030957
v 0.006158 0.055751 -0.030957
v 0.006158 0.074113 -0.030957
v 0.006158 -0.003418 -0.030957
v 0.006158 0.014944 -0.030957
v 0.006158 -0.062587 -0.030957
v 0.006158 -0.044224 -0.030957
v 0.006158 -0.121755 -0.030957
v 0.006158 -0.103393 -0.030957
v 0.012079 0.174088 -0.029161
v 0.012079 0.192451 -0.029161
v 0.012079 0.114920 -0.029161
v 0.012079 0.133282 -0.029161
v 0.012079 0.055751 -0.029161
v 0.012079 0.074113 -0.029161
v 0.012079 -0.003418 -0.029161
v 0.012079 0.014944 -0.029161
v 0.012079 -0.062587 -0.029161
v 0.012079 -0.044224 -0.029161
v 0.012079 -0.121755 -0.029161
v 0.012079 -0.103393 -0.029161
v 0.017536 0.174088 -0.026244
v 0.017536 0.192451 -0.026244
v 0.017536 0.114920 -0.026244
v 0.017536 0.133282 -0.026244
v 0.017536 0.055751 -0.026244
v 0.017536 0.074113 -0.026244
v 0.017536 -0.003418 -0.026244
v 0.017536 0.014944 -0.026244
v 0.017536 -0.062587 -0.026244
v 0.017536 -0.044224 -0.026244
v 0.017536 -0.121755 -0.026244
v 0.017536 -0.103393 -0.026244
v 0.022319 0.174088 -0.022319
v 0.022319 0.192451 -0.022319
v 0.022319 0.114920 -0.022319
v 0.022319 0.133282 -0.022319
v 0.022319 0.055751 -0.022319
v 0.022319 0.074113 -0.022319
v 0.022319 -0.003418 -0.022319
v 0.022319 0.014944 -0.022319
v 0.022319 -0.062587 -0.022319
v 0.022319 -0.044224 -0.022319
v 0.022319 -0.121755 -0.022319
v 0.022319 -0.103393 -0.022319
v 0.026244 0.174088 -0.017536
v 0.026244 0.192451 -0.017536
v 0.026244 0.114920 -0.017536
v 0.026244 0.133282 -0.017536
v 0.026244 0.055751 -0.017536
v 0.026244 0.074113 -0.017536
v 0.026244 -0.003418 -0.017536
v 0.026244 0.014944 -0.017536
v 0.026244 -0.062587 -0.017536
v 0.026244 -0.044224 -0.017536
v 0.026244 -0.121755 -0.017536
v 0.026244 -0.103393 -0.017536
v 0.029161 0.174088 -0.012079
v 0.029161 0.192451 -0.012079
v 0.029161 0.114920 -0.012079
v 0.029161 0.133282 -0.012079
v 0.029161 0.055751 -0.012079
v 0.029161 0.074113 -0.012079
v 0.029161 -0.003418 -0.012079
v 0.029161 0.014944 -0.012079
v 0.029161 -0.062587 -0.012079
v 0.029161 -0.044224 -0.012079
v 0.029161 -0.121755 -0.012079
v 0.029161 -0.103393 -0.012079
v 0.030957 0.174088 -0.006158
v 0.030957 0.192451 -0.006158
v 0.030957 0.114920 -0.006158
v 0.030957 0.133282 -0.006158
v 0.030957 0.055751 -0.006158
v 0.030957 0.074113 -0.006158
v 0.030957 -0.003418 -0.006158
v 0.030957 0.014944 -0.006158
v 0.030957 -0.062587 -0.006158
v 0.030957 -0.044224 -0.006158
v 0.030957 -0.121755 -0.006158
v 0.030957 -0.103393 -0.006158
v 0.031563 0.174088 0.000000
v 0.031563 0.192451 0.000000
v 0.031563 0.114920 0.000000
v 0.031563 0.133282 0.000000
v 0.031563 0.055751 0.000000
v 0.031563 0.074113 0.000000
v 0.031563 -0.003418 0.000000
v 0.031563 0.014944 0.000000
v 0.031563 -0.062587 0.000000
v 0.031563 -0.044224 0.000000
v 0.031563 -0.121755 0.000000
v 0.031563 -0.103393 0.000000
v 0.030957 0.174088 0.006158
v 0.030957 0.192451 0.006158
v 0.030957 0.114920 0.006158
v 0.030957 0.133282 0.006158
v 0.030957 0.055751 0.006158
v 0.030957 0.074113 0.006158
v 0.030957 -0.003418 0.006158
v 0.030957 0.014944 0.006158
v 0.030957 -0.062587 0.006158
v 0.030957 -0.044224 0.006158
v 0.030957 -0.121755 0.006158
v 0.030957 -0.103393 0.006158
v 0.029161 0.174088 0.012079
v 0.029161 0.192451 0.012079
v 0.029161 0.114920 0.012079
v 0.029161 0.133282 0.012079
v 0.029161 0.055751 0.012079
v 0.029161 0.074113 0.012079
v 0.029161 -0.003418 0.012079
v 0.029161 0.014944 0.012079
v 0.029161 -0.062587 0.012079
v 0.029161 -0.044224 0.012079
v 0.029161 -0.121755 0.012079
v 0.029161 -0.103393 0.012079
v 0.026244 0.174088 0.017536
v 0.026244 0.192451 0.017536
v 0.026244 0.114920 0.017536
v 0.026244 0.133282 0.017536
v 0.026244 0.055751 0.017536
v 0.026244 0.074113 0.017536
v 0.026244 -0.003418 0.017536
v 0.026244 0.014944 0.017536
v 0.026244 -0.062587 0.017536
v 0.026244 -0.044224 0.017536
v 0.026244 -0.121755 0.017536
v 0.026244 -0.103393 0.017536
v 0.022319 0.174088 0.022319
v 0.022319 0.192451 0.022319
v 0.022319 0.114920 0.022319
v 0.022319 0.133282 0.022319
v 0.022319 0.055751 0.022319
v 0.022319 0.074113 0.022319
v 0.022319 -0.003418 0.022319
v 0.022319 0.014944 0.022319
v 0.022319 -0.062587 0.022319
v 0.022319 -0.044224 0.022319
v 0.022319 -0.121755 0.022319
v 0.022319 -0.103393 0.022319
v 0.017536 0.174088 0.026244
v 0.017536 0.192451 0.026244
v 0.017536 0.114920 0.026244
v 0.017536 0.133282 0.026244
v 0.017536 0.055751 0.026244
v 0.017536 0.074113 0.026244
v 0.017536 -0.003418 0.026244
v 0.017536 0.014944 0.026244
v 0.017536 -0.062587 0.026244
v 0.017536 -0.044224 0.026244
v 0.017536 -0.121755 0.026244
v 0.017536 -0.103393 0.026244
v 0.012079 0.174088 0.029161
v 0.012079 0.192451 0.029161
v 0.012079 0.114920 0.029161
v 0.012079 0.133282 0.029161
v 0.012079 0.055751 0.029161
v 0.012079 0.074113 0.029161
v 0.012079 -0.003418 0.029161
v 0.012079 0.014944 0.029161
v 0.012079 -0.062587 0.029161
v 0.012079 -0.044224 0.029161
v 0.012079 -0.121755 0.029161
v 0.012079 -0.103393 0.029161
v 0.006158 0.174088 0.030957
v 0.006158 0.192451 0.030957
v 0.006158 0.114920 0.030957
v 0.006158 0.133282 0.030957
v 0.006158 0.055751 0.030957
v 0.006158 0.074113 0.030957
v 0.006158 -0.003418 0.030957
v 0.006158 0.014944 0.030957
v 0.006158 -0.062587 0.030957
v 0.006158 -0.044224 0.030957
v 0.006158 -0.121755 0.030957
v 0.006158 -0.103393 0.030957
v 0.000000 0.174088 0.031563
v 0.000000 0.192451 0.031563
v 0.000000 0.114920 0.031563
v 0.000000 0.133282 0.031563
v 0.000000 0.055751 0.031563
v 0.000000 0.074113 0.031563
v 0.000000 -0.003418 0.031563
v 0.000000 0.014944 0.031563
v 0.000000 -0.062587 0.031563
v 0.000000 -0.044224 0.031563
v 0.000000 -0.121755 0.031563
v 0.000000 -0.103393 0.031563
v -0.006158 0.174088 0.030957
v -0.006158 0.192451 0.030957
v -0.006158 0.114920 0.030957
v -0.006158 0.133282 0.030957
v -0.006158 0.055751 0.030957
v -0.006158 0.074113 0.030957
v -0.006158 -0.003418 0.030957
v -0.006158 0.014944 0.030957
v -0.006158 -0.062587 0.030957
v -0.006158 -0.044224 0.030957
v -0.006158 -0.121755 0.030957
v -0.006158 -0.103393 0.030957
v -0.012079 0.174088 0.029161
v -0.012079 0.192451 0.029161
v -0.012079 0.114920 0.029161
v -0.012079 0.133282 0.029161
v -0.012079 0.055751 0.029161
v -0.012079 0.074113 0.029161
v -0.012079 -0.003418 0.029161
v -0.012079 0.014944 0.029161
v -0.012079 -0.062587 0.029161
v -0.012079 -0.044224 0.029161
v -0.012079 -0.121755 0.029161
v -0.012079 -0.103393 0.029161
v -0.017536 0.174088 0.026244
v -0.017536 0.192451 0.026244
v -0.017536 0.114920 0.026244
v -0.017536 0.133282 0.026244
v -0.017536 0.055751 0.026244
v -0.017536 0.074113 0.026244
v -0.017536 -0.003418 0.026244
v -0.017536 0.014944 0.026244
v -0.017536 -0.062587 0.026244
v -0.017536 -0.044224 0.026244
v -0.017536 -0.121755 0.026244
v -0.017536 -0.103393 0.026244
v -0.022319 0.174088 0.022319
v -0.022319 0.192451 0.022319
v -0.022319 0.114920 0.022319
v -0.022319 0.133282 0.022319
v -0.022319 0.055751 0.022319
v -0.022319 0.074113 0.022319
v -0.022319 -0.003418 0.022319
v -0.022319 0.014944 0.022319
v -0.022319 -0.062587 0.022319
v -0.022319 -0.044224 0.022319
v -0.022319 -0.121755 0.022319
v -0.022319 -0.103393 0.022319
v -0.026244 0.174088 0.017536
v -0.026244 0.192451 0.017536
v -0.026244 0.114920 0.017536
v -0.026244 0.133282 0.017536
v -0.026244 0.055751 0.017536
v -0.026244 0.074113 0.017536
v -0.026244 -0.003418 0.017536
v -0.026244 0.014944 0.017536
v -0.026244 -0.062587 0.017536
v -0.026244 -0.044224 0.017536
v -0.026244 -0.121755 0.017536
v -0.026244 -0.103393 0.017536
v -0.029161 0.174088 0.012079
v -0.029161 0.192451 0.012079
v -0.029161 0.114920 0.012079
v -0.029161 0.133282 0.012079
v -0.029161 0.055751 0.012079
v -0.029161 0.074113 0.012079
v -0.029161 -0.003418 0.012079
v -0.029161 0.014944 0.012079
v -0.029161 -0.062587 0.012079
v -0.029161 -0.044224 0.012079
v -0.029161 -0.121755 0.012079
v -0.029161 -0.103393 0.012079
v -0.030957 0.174088 0.006158
v -0.030957 0.192451 0.006158
v -0.030957 0.114920 0.006158
v -0.030957 0.133282 0.006158
v -0.030957 0.055751 0.006158
v -0.030957 0.074113 0.006158
v -0.030957 -0.003418 0.006158
v -0.030957 0.014944 0.006158
v -0.030957 -0.062587 0.006158
v -0.030957 -0.044224 0.006158
v -0.030957 -0.121755 0.006158
v -0.030957 -0.103393 0.006158
v -0.031563 0.174088 0.000000
v -0.031563 0.192451 0.000000
v -0.031563 0.114920 0.000000
v -0.031563 0.133282 0.000000
v -0.031563 0.055751 0.000000
v -0.031563 0.074113 0.000000
v -0.031563 -0.003418 0.000000
v -0.031563 0.014944 0.000000
v -0.031563 -0.062587 0.000000
v -0.031563 -0.044224 0.000000
v -0.031563 -0.121755 0.000000
v -0.031563 -0.103393 0.000000
v -0.030957 0.174088 -0.006158
v -0.030957 0.192451 -0.006158
v -0.030957 0.114920 -0.006158
v -0.030957 0.133282 -0.006158
v -0.030957 0.055751 -0.006158
v -0.030957 0.074113 -0.006158
v -0.030957 -0.003418 -0.006158
v -0.030957 0.014944 -0.006158
v -0.030957 -0.062587 -0.006158
v -0.030957 -0.044224 -0.006158
v -0.030957 -0.121755 -0.006158
v -0.030957 -0.103393 -0.006158
v -0.029161 0.174088 -0.012079
v -0.029161 0.192451 -0.012079
v -0.029161 0.114920 -0.012079
v -0.029161 0.133282 -0.012079
v -0.029161 0.055751 -0.012079
v -0.029161 0.074113 -0.012079
v -0.029161 -0.003418 -0.012079
v -0.029161 0.014944 -0.012079
v -0.029161 -0.062587 -0.012079
v -0.029161 -0.044224 -0.012079
v -0.029161 -0.121755 -0.012079
v -0.029161 -0.103393 -0.012079
v -0.026244 0.174088 -0.017536
v -0.026244 0.192451 -0.017536
v -0.026244 0.114920 -0.017536
v -0.026244 0.133282 -0.017536
v -0.026244 0.055751 -0.017536
v -0.026244 0.074113 -0.017536
v -0.026244 -0.003418 -0.017536
v -0.026244 0.014944 -0.017536
v -0.026244 -0.062587 -0.017536
v -0.026244 -0.044224 -0.017536
v -0.026244 -0.121755 -0.017536
v -0.026244 -0.103393 -0.017536
v -0.022319 0.174088 -0.022319
v -0.022319 0.192451 -0.022319
v -0.022319 0.114920 -0.022319
v -0.022319 0.133282 -0.022319
v -0.022319 0.055751 -0.022319
v -0.022319 0.074113 -0.022319
v -0.022319 -0.003418 -0.022319
v -0.022319 0.014944 -0.022319
v -0.022319 -0.062587 -0.022319
v -0.022319 -0.044224 -0.022319
v -0.022319 -0.121755 -0.022319
v -0.022319 -0.103393 -0.022319
v -0.017536 0.174088 -0.026244
v -0.017536 0.192451 -0.026244
v -0.017536 0.114920 -0.026244
v -0.017536 0.133282 -0.026244
v -0.017536 0.055751 -0.026244
v -0.017536 0.074113 -0.026244
v -0.017536 -0.003418 -0.026244
v -0.017536 0.014944 -0.026244
v -0.017536 -0.062587 -0.026244
v -0.017536 -0.044224 -0.026244
v -0.017536 -0.121755 -0.026244
v -0.017536 -0.103393 -0.026244
v -0.012079 0.174088 -0.029161
v -0.012079 0.192451 -0.029161
v -0.012079 0.114920 -0.029161
v -0.012079 0.133282 -0.029161
v -0.012079 0.055751 -0.029161
v -0.012079 0.074113 -0.029161
v -0.012079 -0.003418 -0.029161
v -0.012079 0.014944 -0.029161
v -0.012079 -0.062587 -0.029161
v -0.012079 -0.044224 -0.029161
v -0.012079 -0.121755 -0.029161
v -0.012079 -0.103393 -0.029161
v -0.006158 0.174088 -0.030957
v -0.006158 0.192451 -0.030957
v -0.006158 0.114920 -0.030957
v -0.006158 0.133282 -0.030957
v -0.006158 0.055751 -0.030957
v -0.006158 0.074113 -0.030957
v -0.006158 -0.003418 -0.030957
v -0.006158 0.014944 -0.030957
v -0.006158 -0.062587 -0.030957
v -0.006158 -0.044224 -0.030957
v -0.006158 -0.121755 -0.030957
v -0.006158 -0.103393 -0.030957
v 0.000000 -0.103393 -0.026524
v 0.000000 -0.121755 -0.026524
v 0.000000 -0.044224 -0.026524
v 0.000000 -0.062587 -0.026524
v 0.000000 0.014944 -0.026524
v 0.000000 -0.003418 -0.026524
v 0.000000 0.074113 -0.026524
v 0.000000 0.055751 -0.026524
v 0.000000 0.133282 -0.026524
v 0.000000 0.114920 -0.026524
v 0.000000 0.192451 -0.026524
v 0.000000 0.174088 -0.026524
v 0.005175 0.174088 -0.026014
v 0.005175 0.192451 -0.026014
v 0.005175 0.114920 -0.026014
v 0.005175 0.133282 -0.026014
v 0.005175 0.055751 -0.026014
v 0.005175 0.074113 -0.026014
v 0.005175 -0.003418 -0.026014
v 0.005175 0.014944 -0.026014
v 0.005175 -0.062587 -0.026014
v 0.005175 -0.044224 -0.026014
v 0.005175 -0.121755 -0.026014
v 0.005175 -0.103393 -0.026014
v 0.010150 0.174088 -0.024505
v 0.010150 0.192451 -0.024505
v 0.010150 0.114920 -0.024505
v 0.010150 0.133282 -0.024505
v 0.010150 0.055751 -0.024505
v 0.010150 0.074113 -0.024505
v 0.010150 -0.003418 -0.024505
v 0.010150 0.014944 -0.024505
v 0.010150 -0.062587 -0.024505
v 0.010150 -0.044224 -0.024505
v 0.010150 -0.121755 -0.024505
v 0.010150 -0.103393 -0.024505
v 0.014736 0.174088 -0.022054
v 0.014736 0.192451 -0.022054
v 0.014736 0.114920 -0.022054
v 0.014736 0.133282 -0.022054
v 0.014736 0.055751 -0.022054
v 0.014736 0.074113 -0.022054
v 0.014736 -0.003418 -0.022054
v 0.014736 0.014944 -0.022054
v 0.014736 -0.062587 -0.022054
v 0.014736 -0.044224 -0.022054
v 0.014736 -0.121755 -0.022054
v 0.014736 -0.103393 -0.022054
v 0.018755 0.174088 -0.018755
v 0.018755 0.192451 -0.018755
v 0.018755 0.114920 -0.018755
v 0.018755 0.133282 -0.018755
v 0.018755 0.055751 -0.018755
v 0.018755 0.074113 -0.018755
v 0.018755 -0.003418 -0.018755
v 0.018755 0.014944 -0.018755
v 0.018755 -0.062587 -0.018755
v 0.018755 -0.044224 -0.018755
v 0.018755 -0.121755 -0.018755
v 0.018755 -0.103393 -0.018755
v 0.022054 0.174088 -0.014736
v 0.022054 0.192451 -0.014736
v 0.022054 0.114920 -0.014736
v 0.022054 0.133282 -0.014736
v 0.022054 0.055751 -0.014736
v 0.022054 0.074113 -0.014736
v 0.022054 -0.003418 -0.014736
v 0.022054 0.014944 -0.014736
v 0.022054 -0.062587 -0.014736
v 0.022054 -0.044224 -0.014736
v 0.022054 -0.121755 -0.014736
v 0.022054 -0.103393 -0.014736
v 0.024505 0.174088 -0.010150
v 0.024505 0.192451 -0.010150
v 0.024505 0.114920 -0.010150
v 0.024505 0.133282 -0.010150
v 0.024505 0.055751 -0.010150
v 0.024505 0.074113 -0.010150
v 0.024505 -0.003418 -0.010150
v 0.024505 0.014944 -0.010150
v 0.024505 -0.062587 -0.010150
v 0.024505 -0.044224 -0.010150
v 0.024505 -0.121755 -0.010150
v 0.024505 -0.103393 -0.010150
v 0.026014 0.174088 -0.005175
v 0.026014 0.192451 -0.005175
v 0.026014 0.114920 -0.005175
v 0.026014 0.133282 -0.005175
v 0.026014 0.055751 -0.005175
v 0.026014 0.074113 -0.005175
v 0.026014 -0.003418 -0.005175
v 0.026014 0.014944 -0.005175
v 0.026014 -0.062587 -0.005175
v 0.026014 -0.044224 -0.005175
v 0.026014 -0.121755 -0.005175
v 0.026014 -0.103393 -0.005175
v 0.026524 0.174088 0.000000
v 0.026524 0.192451 0.000000
v 0.026524 0.114920 0.000000
v 0.026524 0.133282 0.000000
v 0.026524 0.055751 0.000000
v 0.026524 0.074113 0.000000
v 0.026524 -0.003418 0.000000
v 0.026524 0.014944 0.000000
v 0.026524 -0.062587 0.000000
v 0.026524 -0.044224 0.000000
v 0.026524 -0.121755 0.000000
v 0.026524 -0.103393 0.000000
v 0.026014 0.174088 0.005175
v 0.026014 0.192451 0.005175
v 0.026014 0.114920 0.005175
v 0.026014 0.133282 0.005175
v 0.026014 0.055751 0.005175
v 0.026014 0.074113 0.005175
v 0.026014 -0.003418 0.005175
v 0.026014 0.014944 0.005175
v 0.026014 -0.062587 0.005175
v 0.026014 -0.044224 0.005175
v 0.026014 -0.121755 0.005175
v 0.026014 -0.103393 0.005175
v 0.024505 0.174088 0.010150
v 0.024505 0.192451 0.010150
v 0.024505 0.114920 0.010150
v 0.024505 0.133282 0.010150
v 0.024505 0.055751 0.010150
v 0.024505 0.074113 0.010150
v 0.024505 -0.003418 0.010150
v 0.024505 0.014944 0.010150
v 0.024505 -0.062587 0.010150
v 0.024505 -0.044224 0.010150
v 0.024505 -0.121755 0.010150
v 0.024505 -0.103393 0.010150
v 0.022054 0.174088 0.014736
v 0.022054 0.192451 0.014736
v 0.022054 0.114920 0.014736
v 0.022054 0.133282 0.014736
v 0.022054 0.055751 0.014736
v 0.022054 0.074113 0.014736
v 0.022054 -0.003418 0.014736
v 0.022054 0.014944 0.014736
v 0.022054 -0.062587 0.014736
v 0.022054 -0.044224 0.014736
v 0.022054 -0.121755 0.014736
v 0.022054 -0.103393 0.014736
v 0.018755 0.174088 0.018755
v 0.018755 0.192451 0.018755
v 0.018755 0.114920 0.018755
v 0.018755 0.133282 0.018755
v 0.018755 0.055751 0.018755
v 0.018755 0.074113 0.018755
v 0.018755 -0.003418 0.018755
v 0.018755 0.014944 0.018755
v 0.018755 -0.062587 0.018755
v 0.018755 -0.044224 0.018755
v 0.018755 -0.121755 0.018755
v 0.018755 -0.103393 0.018755
v 0.014736 0.174088 0.022054
v 0.014736 0.192451 0.022054
v 0.014736 0.114920 0.022054
v 0.014736 0.133282 0.022054
v 0.014736 0.055751 0.022054
v 0.014736 0.074113 0.022054
v 0.014736 -0.003418 0.022054
v 0.014736 0.014944 0.022054
v 0.014736 -0.062587 0.022054
v 0.014736 -0.044224 0.022054
v 0.014736 -0.121755 0.022054
v 0.014736 -0.103393 0.022054
v 0.010150 0.174088 0.024505
v 0.010150 0.192451 0.024505
v 0.010150 0.114920 0.024505
v 0.010150 0.133282 0.024505
v 0.010150 0.055751 0.024505
v 0.010150 0.074113 0.024505
v 0.010150 -0.003418 0.024505
v 0.010150 0.014944 0.024505
v 0.010150 -0.062587 0.024505
v 0.010150 -0.044224 0.024505
v 0.010150 -0.121755 0.024505
v 0.010150 -0.103393 0.024505
v 0.005175 0.174088 0.026014
v 0.005175 0.192451 0.026014
v 0.005175 0.114920 0.026014
v 0.005175 0.133282 0.026014
v 0.005175 0.055751 0.026014
v 0.005175 0.074113 0.026014
v 0.005175 -0.003418 0.026014
v 0.005175 0.014944 0.026014
v 0.005175 -0.062587 0.026014
v 0.005175 -0.044224 0.026014
v 0.005175 -0.121755 0.026014
v 0.005175 -0.103393 0.026014
v 0.000000 0.174088 0.026524
v 0.000000 0.192451 0.026524
v 0.000000 0.114920 0.026524
v 0.000000 0.133282 0.026524
v 0.000000 0.055751 0.026524
v 0.000000 0.074113 0.026524
v 0.000000 -0.003418 0.026524
v 0.000000 0.014944 0.026524
v 0.000000 -0.062587 0.026524
v 0.000000 -0.044224 0.026524
v 0.000000 -0.121755 0.026524
v 0.000000 -0.103393 0.026524
v -0.005175 0.174088 0.026014
v -0.005175 0.192451 0.026014
v -0.005175 0.114920 0.026014
v -0.005175 0.133282 0.026014
v -0.005175 0.055751 0.026014
v -0.005175 0.074113 0.026014
v -0.005175 -0.003418 0.026014
v -0.005175 0.014944 0.026014
v -0.005175 -0.062587 0.026014
v -0.005175 -0.044224 0.026014
v -0.005175 -0.121755 0.026014
v -0.005175 -0.103393 0.026014
v -0.010150 0.174088 0.024505
v -0.010150 0.192451 0.024505
v -0.010150 0.114920 0.024505
v -0.010150 0.133282 0.024505
v -0.010150 0.055751 0.024505
v -0.010150 0.074113 0.024505
v -0.010150 -0.003418 0.024505
v -0.010150 0.014944 0.024505
v -0.010150 -0.062587 0.024505
v -0.010150 -0.044224 0.024505
v -0.010150 -0.121755 0.024505
v -0.010150 -0.103393 0.024505
v -0.014736 0.174088 0.022054
v -0.014736 0.192451 0.022054
v -0.014736 0.114920 0.022054
v -0.014736 0.133282 0.022054
v -0.014736 0.055751 0.022054
v -0.014736 0.074113 0.022054
v -0.014736 -0.003418 0.022054
v -0.014736 0.014944 0.022054
v -0.014736 -0.062587 0.022054
v -0.014736 -0.044224 0.022054
v -0.014736 -0.121755 0.022054
v -0.014736 -0.103393 0.022054
v -0.018755 0.174088 0.018755
v -0.018755 0.192451 0.018755
v -0.018755 0.114920 0.018755
v -0.018755 0.133282 0.018755
v -0.018755 0.055751 0.018755
v -0.018755 0.074113 0.018755
v -0.018755 -0.003418 0.018755
v -0.018755 0.014944 0.018755
v -0.018755 -0.062587 0.018755
v -0.018755 -0.044224 0.018755
v -0.018755 -0.121755 0.018755
v -0.018755 -0.103393 0.018755
v -0.022054 0.174088 0.014736
v -0.022054 0.192451 0.014736
v -0.022054 0.114920 0.014736
v -0.022054 0.133282 0.014736
v -0.022054 0.055751 0.014736
v -0.022054 0.074113 0.014736
v -0.022054 -0.003418 0.014736
v -0.022054 0.014944 0.014736
v -0.022054 -0.062587 0.014736
v -0.022054 -0.044224 0.014736
v -0.022054 -0.121755 0.014736
v -0.022054 -0.103393 0.014736
v -0.024505 0.174088 0.010150
v -0.024505 0.192451 0.010150
v -0.024505 0.114920 0.010150
v -0.024505 0.133282 0.010150
v -0.024505 0.055751 0.010150
v -0.024505 0.074113 0.010150
v -0.024505 -0.003418 0.010150
v -0.024505 0.014944 0.010150
v -0.024505 -0.062587 0.010150
v -0.024505 -0.044224 0.010150
v -0.024505 -0.121755 0.010150
v -0.024505 -0.103393 0.010150
v -0.026014 0.174088 0.005175
v -0.026014 0.192451 0.005175
v -0.026014 0.114920 0.005175
v -0.026014 0.133282 0.005175
v -0.026014 0.055751 0.005175
v -0.026014 0.074113 0.005175
v -0.026014 -0.003418 0.005175
v -0.026014 0.014944 0.005175
v -0.026014 -0.062587 0.005175
v -0.026014 -0.044224 0.005175
v -0.026014 -0.121755 0.005175
v -0.026014 -0.103393 0.005175
v -0.026524 0.174088 0.000000
v -0.026524 0.192451 0.000000
v -0.026524 0.114920 0.000000
v -0.026524 0.133282 0.000000
v -0.026524 0.055751 0.000000
v -0.026524 0.074113 0.000000
v -0.026524 -0.003418 0.000000
v -0.026524 0.014944 0.000000
v -0.026524 -0.062587 0.000000
v -0.026524 -0.044224 0.000000
v -0.026524 -0.121755 0.000000
v -0.026524 -0.103393 0.000000
v -0.026014 0.174088 -0.005175
v -0.026014 0.192451 -0.005175
v -0.026014 0.114920 -0.005175
v -0.026014 0.133282 -0.005175
v -0.026014 0.055751 -0.005175
v -0.026014 0.074113 -0.005175
v -0.026014 -0.003418 -0.005175
v -0.026014 0.014944 -0.005175
v -0.026014 -0.062587 -0.005175
v -0.026014 -0.044224 -0.005175
v -0.026014 -0.121755 -0.005175
v -0.026014 -0.103393 -0.005175
v -0.024505 0.174088 -0.010150
v -0.024505 0.192451 -0.010150
v -0.024505 0.114920 -0.010150
v -0.024505 0.133282 -0.010150
v -0.024505 0.055751 -0.010150
v -0.024505 0.074113 -0.010150
v -0.024505 -0.003418 -0.010150
v -0.024505 0.014944 -0.010150
v -0.024505 -0.062587 -0.010150
v -0.024505 -0.044224 -0.010150
v -0.024505 -0.121755 -0.010150
v -0.024505 -0.103393 -0.010150
v -0.022054 0.174088 -0.014736
v -0.022054 0.192451 -0.014736
v -0.022054 0.114920 -0.014736
v -0.022054 0.133282 -0.014736
v -0.022054 0.055751 -0.014736
v -0.022054 0.074113 -0.014736
v -0.022054 -0.003418 -0.014736
v -0.022054 0.014944 -0.014736
v -0.022054 -0.062587 -0.014736
v -0.022054 -0.044224 -0.014736
v -0.022054 -0.121755 -0.014736
v -0.022054 -0.103393 -0.014736
v -0.018755 0.174088 -0.018755
v -0.018755 0.192451 -0.018755
v -0.018755 0.114920 -0.018755
v -0.018755 0.133282 -0.018755
v -0.018755 0.055751 -0.018755
v -0.018755 0.074113 -0.018755
v -0.018755 -0.003418 -0.018755
v -0.018755 0.014944 -0.018755
v -0.018755 -0.062587 -0.018755
v -0.018755 -0.044224 -0.018755
v -0.018755 -0.121755 -0.018755
v -0.018755 -0.103393 -0.018755
v -0.014736 0.174088 -0.022054
v -0.014736 0.192451 -0.022054
v -0.014736 0.114920 -0.022054
v -0.014736 0.133282 -0.022054
v -0.014736 0.055751 -0.022054
v -0.014736 0.074113 -0.022054
v -0.014736 -0.003418 -0.022054
v -0.014736 0.014944 -0.022054
v -0.014736 -0.062587 -0.022054
v -0.014736 -0.044224 -0.022054
v -0.014736 -0.121755 -0.022054
v -0.014736 -0.103393 -0.022054
v -0.010150 0.174088 -0.024505
v -0.010150 0.192451 -0.024505
v -0.010150 0.114920 -0.024505
v -0.010150 0.133282 -0.024505
v -0.010150 0.055751 -0.024505
v -0.010150 0.074113 -0.024505
v -0.010150 -0.003418 -0.024505
v -0.010150 0.014944 -0.024505
v -0.010150 -0.062587 -0.024505
v -0.010150 -0.044224 -0.024505
v -0.010150 -0.121755 -0.024505
v -0.010150 -0.103393 -0.024505
v -0.005175 0.174088 -0.026014
v -0.005175 0.192451 -0.026014
v -0.005175 0.114920 -0.026014
v -0.005175 0.133282 -0.026014
v -0.005175 0.055751 -0.026014
v -0.005175 0.074113 -0.026014
v -0.005175 -0.003418 -0.026014
v -0.005175 0.014944 -0.026014
v -0.005175 -0.062587 -0.026014
v -0.005175 -0.044224 -0.026014
v -0.005175 -0.121755 -0.026014
v -0.005175 -0.103393 -0.026014
v 0.000000 -0.207091 -0.026524
v 0.000000 0.207091 -0.026524
v 0.005175 -0.207091 -0.026014
v 0.005175 0.207091 -0.026014
v 0.010150 -0.207091 -0.024505
v 0.010150 0.207091 -0.024505
v 0.014736 -0.207091 -0.022054
v 0.014736 0.207091 -0.022054
v 0.018755 -0.207091 -0.018755
v 0.018755 0.207091 -0.018755
v 0.022054 -0.207091 -0.014736
v 0.022054 0.207091 -0.014736
v 0.024505 -0.207091 -0.010150
v 0.024505 0.207091 -0.010150
v 0.026014 -0.207091 -0.005175
v 0.026014 0.207091 -0.005175
v 0.026524 -0.207091 0.000000
v 0.026524 0.207091 0.000000
v 0.026014 -0.207091 0.005175
v 0.026014 0.207091 0.005175
v 0.024505 -0.207091 0.010150
v 0.024505 0.207091 0.010150
v 0.022054 -0.207091 0.014736
v 0.022054 0.207091 0.014736
v 0.018755 -0.207091 0.018755
v 0.018755 0.207091 0.018755
v 0.014736 -0.207091 0.022054
v 0.014736 0.207091 0.022054
v 0.010150 -0.207091 0.024505
v 0.010150 0.207091 0.024505
v 0.005175 -0.207091 0.026014
v 0.005175 0.207091 0.026014
v 0.000000 -0.207091 0.026524
v 0.000000 0.207091 0.026524
v -0.005175 -0.207091 0.026014
v -0.005175 0.207091 0.026014
v -0.010150 -0.207091 0.024505
v -0.010150 0.207091 0.024505
v -0.014736 -0.207091 0.022054
v -0.014736 0.207091 0.022054
v -0.018755 -0.207091 0.018755
v -0.018755 0.207091 0.018755
v -0.022054 -0.207091 0.014736
v -0.022054 0.207091 0.014736
v -0.024505 -0.207091 0.010150
v -0.024505 0.207091 0.010150
v -0.026014 -0.207091 0.005175
v -0.026014 0.207091 0.005175
v -0.026524 -0.207091 0.000000
v -0.026524 0.207091 0.000000
v -0.026014 -0.207091 -0.005175
v -0.026014 0.207091 -0.005175
v -0.024505 -0.207091 -0.010150
v -0.024505 0.207091 -0.010150
v -0.022054 -0.207091 -0.014736
v -0.022054 0.207091 -0.014736
v -0.018755 -0.207091 -0.018755
v -0.018755 0.207091 -0.018755
v -0.014736 -0.207091 -0.022054
v -0.014736 0.207091 -0.022054
v -0.010150 -0.207091 -0.024505
v -0.010150 0.207091 -0.024505
v -0.005175 -0.207091 -0.026014
v -0.005175 0.207091 -0.026014
v -0.000000 -0.302900 -0.001010
v 0.000197 -0.302900 -0.000991
v 0.000387 -0.302900 -0.000933
v 0.000561 -0.302900 -0.000840
v 0.000714 -0.302900 -0.000714
v 0.000840 -0.302900 -0.000561
v 0.000933 -0.302900 -0.000387
v 0.000991 -0.302900 -0.000197
v 0.001010 -0.302900 -0.000000
v 0.000991 -0.302900 0.000197
v 0.000933 -0.302900 0.000387
v 0.000840 -0.302900 0.000561
v 0.000714 -0.302900 0.000714
v 0.000561 -0.302900 0.000840
v 0.000387 -0.302900 0.000933
v 0.000197 -0.302900 0.000991
v -0.000000 -0.302900 0.001010
v -0.000197 -0.302900 0.000991
v -0.000387 -0.302900 0.000933
v -0.000561 -0.302900 0.000840
v -0.000714 -0.302900 0.000714
v -0.000840 -0.302900 0.000561
v -0.000933 -0.302900 0.000387
v -0.000991 -0.302900 0.000197
v -0.001010 -0.302900 -0.000000
v -0.000991 -0.302900 -0.000197
v -0.000933 -0.302900 -0.000387
v -0.000840 -0.302900 -0.000561
v -0.000714 -0.302900 -0.000714
v -0.000561 -0.302900 -0.000840
v -0.000387 -0.302900 -0.000933
v -0.000197 -0.302900 -0.000991
v 0.005175 0.259524 -0.026014
v 0.000000 0.259524 -0.026524
v 0.010150 0.259524 -0.024505
v 0.014736 0.259524 -0.022054
v 0.019558 0.255538 0.017776
v 0.022054 0.259524 -0.014736
v 0.024505 0.259524 -0.010150
v 0.026014 0.259524 -0.005175
v 0.026524 0.259524 0.000000
v 0.026014 0.259524 0.005175
v 0.024505 0.259524 0.010150
v 0.022054 0.259524 0.014736
v 0.019604 0.255538 0.019686
v 0.014736 0.259524 0.022054
v 0.010150 0.259524 0.024505
v 0.005175 0.259524 0.026014
v 0.000000 0.259524 0.026524
v -0.005175 0.259524 0.026014
v -0.010150 0.259524 0.024505
v -0.014736 0.259524 0.022054
v 0.019558 0.255538 -0.017776
v -0.022054 0.259524 0.014736
v -0.024505 0.259524 0.010150
v -0.026014 0.259524 0.005175
v -0.026524 0.259524 0.000000
v -0.026014 0.259524 -0.005175
v -0.024505 0.259524 -0.010150
v -0.022054 0.259524 -0.014736
v 0.017776 0.255538 -0.019558
v -0.014736 0.259524 -0.022054
v -0.010150 0.259524 -0.024505
v -0.005175 0.259524 -0.026014
v 0.007541 0.207091 -0.039060
v -0.000000 0.207091 -0.039825
v 0.014792 0.207091 -0.036793
v 0.021475 0.207091 -0.033113
v 0.027332 0.207091 -0.028160
v 0.032140 0.207091 -0.022125
v 0.035712 0.207091 -0.015240
v 0.037911 0.207091 -0.007769
v 0.038654 0.207091 0.000000
v 0.037911 0.207091 0.007769
v 0.035712 0.207091 0.015240
v 0.032140 0.207091 0.022125
v 0.027332 0.207091 0.028160
v 0.021475 0.207091 0.033113
v 0.014792 0.207091 0.036793
v 0.007541 0.207091 0.039060
v -0.000000 0.207091 0.039825
v -0.007541 0.207091 0.039060
v -0.014792 0.207091 0.036793
v -0.021475 0.207091 0.033113
v -0.027332 0.207091 0.028160
v -0.032140 0.207091 0.022125
v -0.035712 0.207091 0.015240
v -0.037911 0.207091 0.007769
v -0.038654 0.207091 0.000000
v -0.037911 0.207091 -0.007769
v -0.035712 0.207091 -0.015240
v -0.032140 0.207091 -0.022125
v -0.027332 0.207091 -0.028160
v -0.021475 0.207091 -0.033113
v -0.014792 0.207091 -0.036793
v -0.007541 0.207091 -0.039060
v 0.007541 0.259524 -0.039060
v 0.000000 0.259524 -0.039825
v 0.014792 0.259524 -0.036793
v 0.021475 0.259524 -0.033113
v 0.027332 0.259524 -0.028160
v 0.032140 0.259524 -0.022125
v 0.035712 0.259524 -0.015240
v 0.037911 0.259524 -0.007769
v 0.038654 0.259524 0.000000
v 0.037911 0.259524 0.007769
v 0.035712 0.259524 0.015240
v 0.032140 0.259524 0.022125
v 0.027332 0.259524 0.028160
v 0.021475 0.259524 0.033113
v 0.014792 0.259524 0.036793
v 0.007541 0.259524 0.039060
v 0.000000 0.259524 0.039825
v -0.007541 0.259524 0.039060
v -0.014792 0.259524 0.036793
v -0.021475 0.259524 0.033113
v -0.027332 0.259524 0.028160
v -0.032140 0.259524 0.022125
v -0.035712 0.259524 0.015240
v -0.037911 0.259524 0.007769
v -0.038654 0.259524 0.000000
v -0.037911 0.259524 -0.007769
v -0.035712 0.259524 -0.015240
v -0.032140 0.259524 -0.022125
v -0.027332 0.259524 -0.028160
v -0.021475 0.259524 -0.033113
v -0.014792 0.259524 -0.036793
v -0.007541 0.259524 -0.039060
v 0.019604 0.255538 -0.019686
v 0.017776 0.259524 -0.019558
v 0.019558 0.259524 -0.017776
v 0.019604 0.259524 -0.019686
v 0.019558 0.259524 0.017776
v 0.017776 0.259524 0.019558
v 0.019604 0.259524 0.019686
v -0.017776 0.259524 0.019558
v -0.019558 0.259524 0.017776
v -0.019604 0.259524 0.019686
v -0.019558 0.259524 -0.017776
v -0.017776 0.259524 -0.019558
v -0.019604 0.259524 -0.019686
v 0.000000 0.259524 -0.001782
v -0.001782 0.259524 0.000000
v 0.000000 0.259524 0.001782
v 0.001782 0.259524 0.000000
v 0.017776 0.255538 0.019558
v -0.019604 0.255538 0.019686
v -0.017776 0.255538 0.019558
v -0.019558 0.255538 0.017776
v -0.019604 0.255538 -0.019686
v -0.019558 0.255538 -0.017776
v -0.017776 0.255538 -0.019558
v 0.001782 0.255538 0.000000
v 0.000000 0.255538 -0.001782
v -0.001782 0.255538 0.000000
v 0.000000 0.255538 0.001782
v 0.000000 -0.103393 -0.026524
v 0.000000 -0.121755 -0.026524
v 0.000000 -0.044224 -0.026524
v 0.000000 -0.062587 -0.026524
v 0.000000 0.014944 -0.026524
v 0.000000 -0.003418 -0.026524
v 0.000000 0.074113 -0.026524
v 0.000000 0.055751 -0.026524
v 0.000000 0.133282 -0.026524
v 0.000000 0.114920 -0.026524
v 0.000000 0.192451 -0.026524
v 0.000000 0.174088 -0.026524
v 0.005175 0.174088 -0.026014
v 0.005175 0.192451 -0.026014
v 0.005175 0.114920 -0.026014
v 0.005175 0.133282 -0.026014
v 0.005175 0.055751 -0.026014
v 0.005175 0.074113 -0.026014
v 0.005175 -0.003418 -0.026014
v 0.005175 0.014944 -0.026014
v 0.005175 -0.062587 -0.026014
v 0.005175 -0.044224 -0.026014
v 0.005175 -0.121755 -0.026014
v 0.005175 -0.103393 -0.026014
v 0.010150 0.174088 -0.024505
v 0.010150 0.192451 -0.024505
v 0.010150 0.114920 -0.024505
v 0.010150 0.133282 -0.024505
v 0.010150 0.055751 -0.024505
v 0.010150 0.074113 -0.024505
v 0.010150 -0.003418 -0.024505
v 0.010150 0.014944 -0.024505
v 0.010150 -0.062587 -0.024505
v 0.010150 -0.044224 -0.024505
v 0.010150 -0.121755 -0.024505
v 0.010150 -0.103393 -0.024505
v 0.014736 0.174088 -0.022054
v 0.014736 0.192451 -0.022054
v 0.014736 0.114920 -0.022054
v 0.014736 0.133282 -0.022054
v 0.014736 0.055751 -0.022054
v 0.014736 0.074113 -0.022054
v 0.014736 -0.003418 -0.022054
v 0.014736 0.014944 -0.022054
v 0.014736 -0.062587 -0.022054
v 0.014736 -0.044224 -0.022054
v 0.014736 -0.121755 -0.022054
v 0.014736 -0.103393 -0.022054
v 0.018755 0.174088 -0.018755
v 0.018755 0.192451 -0.018755
v 0.018755 0.114920 -0.018755
v 0.018755 0.133282 -0.018755
v 0.018755 0.055751 -0.018755
v 0.018755 0.074113 -0.018755
v 0.018755 -0.003418 -0.018755
v 0.018755 0.014944 -0.018755
v 0.018755 -0.062587 -0.018755
v 0.018755 -0.044224 -0.018755
v 0.018755 -0.121755 -0.018755
v 0.018755 -0.103393 -0.018755
v 0.022054 0.174088 -0.014736
v 0.022054 0.192451 -0.014736
v 0.022054 0.114920 -0.014736
v 0.022054 0.133282 -0.014736
v 0.022054 0.055751 -0.014736
v 0.022054 0.074113 -0.014736
v 0.022054 -0.003418 -0.014736
v 0.022054 0.014944 -0.014736
v 0.022054 -0.062587 -0.014736
v 0.022054 -0.044224 -0.014736
v 0.022054 -0.121755 -0.014736
v 0.022054 -0.103393 -0.014736
v 0.024505 0.174088 -0.010150
v 0.024505 0.192451 -0.010150
v 0.024505 0.114920 -0.010150
v 0.024505 0.133282 -0.010150
v 0.024505 0.055751 -0.010150
v 0.024505 0.074113 -0.010150
v 0.024505 -0.003418 -0.010150
v 0.024505 0.014944 -0.010150
v 0.024505 -0.062587 -0.010150
v 0.024505 -0.044224 -0.010150
v 0.024505 -0.121755 -0.010150
v 0.024505 -0.103393 -0.010150
v 0.026014 0.174088 -0.005175
v 0.026014 0.192451 -0.005175
v 0.026014 0.114920 -0.005175
v 0.026014 0.133282 -0.005175
v 0.026014 0.055751 -0.005175
v 0.026014 0.074113 -0.005175
v 0.026014 -0.003418 -0.005175
v 0.026014 0.014944 -0.005175
v 0.026014 -0.062587 -0.005175
v 0.026014 -0.044224 -0.005175
v 0.026014 -0.121755 -0.005175
v 0.026014 -0.103393 -0.005175
v 0.026524 0.174088 0.000000
v 0.026524 0.192451 0.000000
v 0.026524 0.114920 0.000000
v 0.026524 0.133282 0.000000
v 0.026524 0.055751 0.000000
v 0.026524 0.074113 0.000000
v 0.026524 -0.003418 0.000000
v 0.026524 0.014944 0.000000
v 0.026524 -0.062587 0.000000
v 0.026524 -0.044224 0.000000
v 0.026524 -0.121755 0.000000
v 0.026524 -0.103393 0.000000
v 0.026014 0.174088 0.005175
v 0.026014 0.192451 0.005175
v 0.026014 0.114920 0.005175
v 0.026014 0.133282 0.005175
v 0.026014 0.055751 0.005175
v 0.026014 0.074113 0.005175
v 0.026014 -0.003418 0.005175
v 0.026014 0.014944 0.005175
v 0.026014 -0.062587 0.005175
v 0.026014 -0.044224 0.005175
v 0.026014 -0.121755 0.005175
v 0.026014 -0.103393 0.005175
v 0.024505 0.174088 0.010150
v 0.024505 0.192451 0.010150
v 0.024505 0.114920 0.010150
v 0.024505 0.133282 0.010150
v 0.024505 0.055751 0.010150
v 0.024505 0.074113 0.010150
v 0.024505 -0.003418 0.010150
v 0.024505 0.014944 0.010150
v 0.024505 -0.062587 0.010150
v 0.024505 -0.044224 0.010150
v 0.024505 -0.121755 0.010150
v 0.024505 -0.103393 0.010150
v 0.022054 0.174088 0.014736
v 0.022054 0.192451 0.014736
v 0.022054 0.114920 0.014736
v 0.022054 0.133282 0.014736
v 0.022054 0.055751 0.014736
v 0.022054 0.074113 0.014736
v 0.022054 -0.003418 0.014736
v 0.022054 0.014944 0.014736
v 0.022054 -0.062587 0.014736
v 0.022054 -0.044224 0.014736
v 0.022054 -0.121755 0.014736
v 0.022054 -0.103393 0.014736
v 0.018755 0.174088 0.018755
v 0.018755 0.192451 0.018755
v 0.018755 0.114920 0.018755
v 0.018755 0.133282 0.018755
v 0.018755 0.055751 0.018755
v 0.018755 0.074113 0.018755
v 0.018755 -0.003418 0.018755
v 0.018755 0.014944 0.018755
v 0.018755 -0.062587 0.018755
v 0.018755 -0.044224 0.018755
v 0.018755 -0.121755 0.018755
v 0.018755 -0.103393 0.018755
v 0.014736 0.174088 0.022054
v 0.014736 0.192451 0.022054
v 0.014736 0.114920 0.022054
v 0.014736 0.133282 0.022054
v 0.014736 0.055751 0.022054
v 0.014736 0.074113 0.022054
v 0.014736 -0.003418 0.022054
v 0.014736 0.014944 0.022054
v 0.014736 -0.062587 0.022054
v 0.014736 -0.044224 0.022054
v 0.014736 -0.121755 0.022054
v 0.014736 -0.103393 0.022054
v 0.010150 0.174088 0.024505
v 0.010150 0.192451 0.024505
v 0.010150 0.114920 0.024505
v 0.010150 0.133282 0.024505
v 0.010150 0.055751 0.024505
v 0.010150 0.074113 0.024505
v 0.010150 -0.003418 0.024505
v 0.010150 0.014944 0.024505
v 0.010150 -0.062587 0.024505
v 0.010150 -0.044224 0.024505
v 0.010150 -0.121755 0.024505
v 0.010150 -0.103393 0.024505
v 0.005175 0.174088 0.026014
v 0.005175 0.192451 0.026014
v 0.005175 0.114920 0.026014
v 0.005175 0.133282 0.026014
v 0.005175 0.055751 0.026014
v 0.005175 0.074113 0.026014
v 0.005175 -0.003418 0.026014
v 0.005175 0.014944 0.026014
v 0.005175 -0.062587 0.026014
v 0.005175 -0.044224 0.026014
v 0.005175 -0.121755 0.026014
v 0.005175 -0.103393 0.026014
v 0.000000 0.174088 0.026524
v 0.000000 0.192451 0.026524
v 0.000000 0.114920 0.026524
v 0.000000 0.133282 0.026524
v 0.000000 0.055751 0.026524
v 0.000000 0.074113 0.026524
v 0.000000 -0.003418 0.026524
v 0.000000 0.014944 0.026524
v 0.000000 -0.062587 0.026524
v 0.000000 -0.044224 0.026524
v 0.000000 -0.121755 0.026524
v 0.000000 -0.103393 0.026524
v -0.005175 0.174088 0.026014
v -0.005175 0.192451 0.026014
v -0.005175 0.114920 0.026014
v -0.005175 0.133282 0.026014
v -0.005175 0.055751 0.026014
v -0.005175 0.074113 0.026014
v -0.005175 -0.003418 0.026014
v -0.005175 0.014944 0.026014
v -0.005175 -0.062587 0.026014
v -0.005175 -0.044224 0.026014
v -0.005175 -0.121755 0.026014
v -0.005175 -0.103393 0.026014
v -0.010150 0.174088 0.024505
v -0.010150 0.192451 0.024505
v -0.010150 0.114920 0.024505
v -0.010150 0.133282 0.024505
v -0.010150 0.055751 0.024505
v -0.010150 0.074113 0.024505
v -0.010150 -0.003418 0.024505
v -0.010150 0.014944 0.024505
v -0.010150 -0.062587 0.024505
v -0.010150 -0.044224 0.024505
v -0.010150 -0.121755 0.024505
v -0.010150 -0.103393 0.024505
v -0.014736 0.174088 0.022054
v -0.014736 0.192451 0.022054
v -0.014736 0.114920 0.022054
v -0.014736 0.133282 0.022054
v -0.014736 0.055751 0.022054
v -0.014736 0.074113 0.022054
v -0.014736 -0.003418 0.022054
v -0.014736 0.014944 0.022054
v -0.014736 -0.062587 0.022054
v -0.014736 -0.044224 0.022054
v -0.014736 -0.121755 0.022054
v -0.014736 -0.103393 0.022054
v -0.018755 0.174088 0.018755
v -0.018755 0.192451 0.018755
v -0.018755 0.114920 0.018755
v -0.018755 0.133282 0.018755
v -0.018755 0.055751 0.018755
v -0.018755 0.074113 0.018755
v -0.018755 -0.003418 0.018755
v -0.018755 0.014944 0.018755
v -0.018755 -0.062587 0.018755
v -0.018755 -0.044224 0.018755
v -0.018755 -0.121755 0.018755
v -0.018755 -0.103393 0.018755
v -0.022054 0.174088 0.014736
v -0.022054 0.192451 0.014736
v -0.022054 0.114920 0.014736
v -0.022054 0.133282 0.014736
v -0.022054 0.055751 0.014736
v -0.022054 0.074113 0.014736
v -0.022054 -0.003418 0.014736
v -0.022054 0.014944 0.014736
v -0.022054 -0.062587 0.014736
v -0.022054 -0.044224 0.014736
v -0.022054 -0.121755 0.014736
v -0.022054 -0.103393 0.014736
v -0.024505 0.174088 0.010150
v -0.024505 0.192451 0.010150
v -0.024505 0.114920 0.010150
v -0.024505 0.133282 0.010150
v -0.024505 0.055751 0.010150
v -0.024505 0.074113 0.010150
v -0.024505 -0.003418 0.010150
v -0.024505 0.014944 0.010150
v -0.024505 -0.062587 0.010150
v -0.024505 -0.044224 0.010150
v -0.024505 -0.121755 0.010150
v -0.024505 -0.103393 0.010150
v -0.026014 0.174088 0.005175
v -0.026014 0.192451 0.005175
v -0.026014 0.114920 0.005175
v -0.026014 0.133282 0.005175
v -0.026014 0.055751 0.005175
v -0.026014 0.074113 0.005175
v -0.026014 -0.003418 0.005175
v -0.026014 0.014944 0.005175
v -0.026014 -0.062587 0.005175
v -0.026014 -0.044224 0.005175
v -0.026014 -0.121755 0.005175
v -0.026014 -0.103393 0.005175
v -0.026524 0.174088 0.000000
v -0.026524 0.192451 0.000000
v -0.026524 0.114920 0.000000
v -0.026524 0.133282 0.000000
v -0.026524 0.055751 0.000000
v -0.026524 0.074113 0.000000
v -0.026524 -0.003418 0.000000
v -0.026524 0.014944 0.000000
v -0.026524 -0.062587 0.000000
v -0.026524 -0.044224 0.000000
v -0.026524 -0.121755 0.000000
v -0.026524 -0.103393 0.000000
v -0.026014 0.174088 -0.005175
v -0.026014 0.192451 -0.005175
v -0.026014 0.114920 -0.005175
v -0.026014 0.133282 -0.005175
v -0.026014 0.055751 -0.005175
v -0.026014 0.074113 -0.005175
v -0.026014 -0.003418 -0.005175
v -0.026014 0.014944 -0.005175
v -0.026014 -0.062587 -0.005175
v -0.026014 -0.044224 -0.005175
v -0.026014 -0.121755 -0.005175
v -0.026014 -0.103393 -0.005175
v -0.024505 0.174088 -0.010150
v -0.024505 0.192451 -0.010150
v -0.024505 0.114920 -0.010150
v -0.024505 0.133282 -0.010150
v -0.024505 0.055751 -0.010150
v -0.024505 0.074113 -0.010150
v -0.024505 -0.003418 -0.010150
v -0.024505 0.014944 -0.010150
v -0.024505 -0.062587 -0.010150
v -0.024505 -0.044224 -0.010150
v -0.024505 -0.121755 -0.010150
v -0.024505 -0.103393 -0.010150
v -0.022054 0.174088 -0.014736
v -0.022054 0.192451 -0.014736
v -0.022054 0.114920 -0.014736
v -0.022054 0.133282 -0.014736
v -0.022054 0.055751 -0.014736
v -0.022054 0.074113 -0.014736
v -0.022054 -0.003418 -0.014736
v -0.022054 0.014944 -0.014736
v -0.022054 -0.062587 -0.014736
v -0.022054 -0.044224 -0.014736
v -0.022054 -0.121755 -0.014736
v -0.022054 -0.103393 -0.014736
v -0.018755 0.174088 -0.018755
v -0.018755 0.192451 -0.018755
v -0.018755 0.114920 -0.018755
v -0.018755 0.133282 -0.018755
v -0.018755 0.055751 -0.018755
v -0.018755 0.074113 -0.018755
v -0.018755 -0.003418 -0.018755
v -0.018755 0.014944 -0.018755
v -0.018755 -0.062587 -0.018755
v -0.018755 -0.044224 -0.018755
v -0.018755 -0.121755 -0.018755
v -0.018755 -0.103393 -0.018755
v -0.014736 0.174088 -0.022054
v -0.014736 0.192451 -0.022054
v -0.014736 0.114920 -0.022054
v -0.014736 0.133282 -0.022054
v -0.014736 0.055751 -0.022054
v -0.014736 0.074113 -0.022054
v -0.014736 -0.003418 -0.022054
v -0.014736 0.014944 -0.022054
v -0.014736 -0.062587 -0.022054
v -0.014736 -0.044224 -0.022054
v -0.014736 -0.121755 -0.022054
v -0.014736 -0.103393 -0.022054
v -0.010150 0.174088 -0.024505
v -0.010150 0.192451 -0.024505
v -0.010150 0.114920 -0.024505
v -0.010150 0.133282 -0.024505
v -0.010150 0.055751 -0.024505
v -0.010150 0.074113 -0.024505
v -0.010150 -0.003418 -0.024505
v -0.010150 0.014944 -0.024505
v -0.010150 -0.062587 -0.024505
v -0.010150 -0.044224 -0.024505
v -0.010150 -0.121755 -0.024505
v -0.010150 -0.103393 -0.024505
v -0.005175 0.174088 -0.026014
v -0.005175 0.192451 -0.026014
v -0.005175 0.114920 -0.026014
v -0.005175 0.133282 -0.026014
v -0.005175 0.055751 -0.026014
v -0.005175 0.074113 -0.026014
v -0.005175 -0.003418 -0.026014
v -0.005175 0.014944 -0.026014
v -0.005175 -0.062587 -0.026014
v -0.005175 -0.044224 -0.026014
v -0.005175 -0.121755 -0.026014
v -0.005175 -0.103393 -0.026014
vn -0.0980 -0.0000 -0.9952
vn -0.2903 -0.0000 -0.9569
vn -0.4714 -0.0000 -0.8819
vn -0.6344 -0.0000 -0.7730
vn -0.7730 -0.0000 -0.6344
vn -0.8819 -0.0000 -0.4714
vn -0.9569 -0.0000 -0.2903
vn -0.9952 -0.0000 -0.0980
vn -0.9952 -0.0000 0.0980
vn -0.9569 -0.0000 0.2903
vn -0.8819 -0.0000 0.4714
vn -0.7730 -0.0000 0.6344
vn -0.6344 -0.0000 0.7730
vn -0.4714 -0.0000 0.8819
vn -0.2903 -0.0000 0.9569
vn -0.0980 -0.0000 0.9952
vn 0.0980 -0.0000 0.9952
vn 0.2903 -0.0000 0.9569
vn 0.4714 -0.0000 0.8819
vn 0.6344 -0.0000 0.7730
vn 0.7730 -0.0000 0.6344
vn 0.8819 -0.0000 0.4714
vn 0.9569 -0.0000 0.2903
vn 0.9952 -0.0000 0.0980
vn 0.9952 -0.0000 -0.0980
vn 0.9569 -0.0000 -0.2903
vn 0.8819 -0.0000 -0.4714
vn 0.7730 -0.0000 -0.6344
vn 0.6344 -0.0000 -0.7730
vn 0.4714 -0.0000 -0.8819
vn 0.2903 -0.0000 -0.9569
vn 0.0980 -0.0000 -0.9952
vn -0.0000 1.0000 -0.0000
vn -0.0000 -1.0000 -0.0000
vn 0.7472 -0.2562 -0.6132
vn 0.4557 -0.2562 0.8525
vn 0.0947 -0.2562 -0.9620
vn -0.9250 -0.2562 0.2806
vn -0.0947 -0.2562 -0.9620
vn 0.9250 -0.2562 0.2806
vn -0.4557 -0.2562 0.8525
vn -0.7472 -0.2562 -0.6132
vn 0.8525 -0.2562 -0.4557
vn 0.2806 -0.2562 0.9250
vn -0.9620 -0.2562 0.0947
vn 0.2806 -0.2562 -0.9250
vn 0.8525 -0.2562 0.4557
vn -0.6132 -0.2562 0.7472
vn -0.6132 -0.2562 -0.7472
vn 0.9250 -0.2562 -0.2806
vn 0.0947 -0.2562 0.9620
vn -0.9620 -0.2562 -0.0947
vn 0.4557 -0.2562 -0.8525
vn 0.7472 -0.2562 0.6132
vn -0.7472 -0.2562 0.6132
vn -0.4557 -0.2562 -0.8525
vn 0.9620 -0.2562 -0.0947
vn -0.0947 -0.2562 0.9620
vn -0.9250 -0.2562 -0.2806
vn 0.6132 -0.2562 -0.7472
vn 0.6132 -0.2562 0.7472
vn -0.8525 -0.2562 0.4557
vn -0.2806 -0.2562 -0.9250
vn 0.9620 -0.2562 0.0947
vn -0.2806 -0.2562 0.9250
vn -0.8525 -0.2562 -0.4557
vn 0.0697 -0.0000 0.9976
vn 0.7822 -0.0000 -0.6230
vn 0.4824 -0.0000 0.8760
vn -0.9593 -0.0000 0.2824
vn 0.1010 -0.0000 -0.9949
vn -0.1010 -0.0000 -0.9949
vn 0.9593 -0.0000 0.2824
vn -0.4824 -0.0000 0.8760
vn -0.7822 -0.0000 -0.6230
vn 0.8877 -0.0000 -0.4605
vn 0.2983 -0.0000 0.9545
vn -0.9955 -0.0000 0.0952
vn 0.2983 -0.0000 -0.9545
vn 0.8877 -0.0000 0.4605
vn -0.6457 -0.0000 0.7636
vn -0.6457 -0.0000 -0.7636
vn 0.9593 -0.0000 -0.2824
vn 0.1010 -0.0000 0.9949
vn -0.9955 -0.0000 -0.0952
vn 0.4824 -0.0000 -0.8760
vn 0.7822 -0.0000 0.6230
vn -0.7822 -0.0000 0.6230
vn -0.4824 -0.0000 -0.8760
vn 0.9955 -0.0000 -0.0952
vn -0.1010 -0.0000 0.9949
vn -0.9593 -0.0000 -0.2824
vn 0.6457 -0.0000 -0.7636
vn 0.6457 -0.0000 0.7636
vn -0.8877 -0.0000 0.4605
vn -0.2983 -0.0000 -0.9545
vn 0.9955 -0.0000 0.0952
vn -0.2983 -0.0000 0.9545
vn -0.8877 -0.0000 -0.4605
vn -0.0697 -0.0000 -0.9976
vn 0.7071 -0.0000 -0.7071
vn 0.9997 -0.0000 0.0240
vn -0.7071 -0.0000 0.7071
vn 0.0697 -0.0000 -0.9976
vn 0.7071 -0.0000 0.7071
vn -0.0697 -0.0000 0.9976
vn -0.7071 -0.0000 -0.7071
vn -0.9997 -0.0000 0.0240
vn -0.9997 -0.0000 -0.0240
vn 0.9997 -0.0000 -0.0240
vt 0.031250 0.625184
vt 0.000000 0.625184
vt 0.000000 0.603017
vt 0.031250 0.603017
vt 0.031250 0.696612
vt 0.000000 0.696612
vt 0.000000 0.674445
vt 0.031250 0.674445
vt 0.031250 0.768041
vt 0.000000 0.768041
vt 0.000000 0.745874
vt 0.031250 0.745874
vt 0.031250 0.839469
vt 0.000000 0.839469
vt 0.000000 0.817302
vt 0.031250 0.817303
vt 0.031250 0.910898
vt 0.000000 0.910898
vt 0.000000 0.888731
vt 0.031250 0.888731
vt 0.031250 0.982326
vt 0.000000 0.982327
vt 0.000000 0.960160
vt 0.031250 0.960159
vt 0.062500 0.625184
vt 0.062500 0.603017
vt 0.062500 0.696612
vt 0.062500 0.674445
vt 0.062500 0.768041
vt 0.062500 0.745874
vt 0.062500 0.839469
vt 0.062500 0.817303
vt 0.062500 0.910898
vt 0.062500 0.888731
vt 0.062500 0.982326
vt 0.062500 0.960160
vt 0.093750 0.625184
vt 0.093750 0.603017
vt 0.093750 0.696612
vt 0.093750 0.674445
vt 0.093750 0.768041
vt 0.093750 0.745874
vt 0.093750 0.839469
vt 0.093750 0.817302
vt 0.093750 0.910898
vt 0.093750 0.888731
vt 0.093750 0.982326
vt 0.093750 0.960160
vt 0.125000 0.625184
vt 0.125000 0.603017
vt 0.125000 0.696612
vt 0.125000 0.674445
vt 0.125000 0.768041
vt 0.125000 0.745874
vt 0.125000 0.839469
vt 0.125000 0.817303
vt 0.125000 0.910898
vt 0.125000 0.888731
vt 0.125000 0.982327
vt 0.125000 0.960160
vt 0.156250 0.625184
vt 0.156250 0.603017
vt 0.156250 0.696612
vt 0.156250 0.674445
vt 0.156250 0.768041
vt 0.156250 0.745874
vt 0.156250 0.839469
vt 0.156250 0.817302
vt 0.156250 0.910898
vt 0.156250 0.888731
vt 0.156250 0.982327
vt 0.156250 0.960159
vt 0.187500 0.625184
vt 0.187500 0.603017
vt 0.187500 0.696612
vt 0.187500 0.674445
vt 0.187500 0.768041
vt 0.187500 0.745874
vt 0.187500 0.839469
vt 0.187500 0.817303
vt 0.187500 0.910898
vt 0.187500 0.888731
vt 0.187500 0.982327
vt 0.187500 0.960160
vt 0.218750 0.625184
vt 0.218750 0.603017
vt 0.218750 0.696612
vt 0.218750 0.674445
vt 0.218750 0.768041
vt 0.218750 0.745874
vt 0.218750 0.839469
vt 0.218750 0.817302
vt 0.218750 0.910898
vt 0.218750 0.888731
vt 0.218750 0.982327
vt 0.218750 0.960160
vt 0.250000 0.625184
vt 0.250000 0.603017
vt 0.250000 0.696612
vt 0.250000 0.674445
vt 0.250000 0.768041
vt 0.250000 0.745874
vt 0.250000 0.839469
vt 0.250000 0.817302
vt 0.250000 0.910898
vt 0.250000 0.888731
vt 0.250000 0.982327
vt 0.250000 0.960159
vt 0.281250 0.625184
vt 0.281250 0.603017
vt 0.281250 0.696612
vt 0.281250 0.674445
vt 0.281250 0.768041
vt 0.281250 0.745874
vt 0.281250 0.839469
vt 0.281250 0.817303
vt 0.281250 0.910898
vt 0.281250 0.888731
vt 0.281250 0.982327
vt 0.281250 0.960159
vt 0.312500 0.625184
vt 0.312500 0.603017
vt 0.312500 0.696612
vt 0.312500 0.674445
vt 0.312500 0.768041
vt 0.312500 0.745874
vt 0.312500 0.839469
vt 0.312500 0.817303
vt 0.312500 0.910898
vt 0.312500 0.888731
vt 0.312500 0.982327
vt 0.312500 0.960160
vt 0.343750 0.625184
vt 0.343750 0.603017
vt 0.343750 0.696612
vt 0.343750 0.674445
vt 0.343750 0.768041
vt 0.343750 0.745874
vt 0.343750 0.839469
vt 0.343750 0.817302
vt 0.343750 0.910898
vt 0.343750 0.888731
vt 0.343750 0.982327
vt 0.343750 0.960159
vt 0.375000 0.625184
vt 0.375000 0.603017
vt 0.375000 0.696612
vt 0.375000 0.674445
vt 0.375000 0.768041
vt 0.375000 0.745874
vt 0.375000 0.839469
vt 0.375000 0.817303
vt 0.375000 0.910898
vt 0.375000 0.888731
vt 0.375000 0.982327
vt 0.375000 0.960160
vt 0.406250 0.625184
vt 0.406250 0.603017
vt 0.406250 0.696612
vt 0.406250 0.674445
vt 0.406250 0.768041
vt 0.406250 0.745874
vt 0.406250 0.839469
vt 0.406250 0.817303
vt 0.406250 0.910898
vt 0.406250 0.888731
vt 0.406250 0.982327
vt 0.406250 0.960160
vt 0.437500 0.625184
vt 0.437500 0.603017
vt 0.437500 0.696612
vt 0.437500 0.674445
vt 0.437500 0.768041
vt 0.437500 0.745874
vt 0.437500 0.839469
vt 0.437500 0.817303
vt 0.437500 0.910898
vt 0.437500 0.888731
vt 0.437500 0.982327
vt 0.437500 0.960160
vt 0.468750 0.625184
vt 0.468750 0.603017
vt 0.468750 0.696612
vt 0.468750 0.674445
vt 0.468750 0.768041
vt 0.468750 0.745874
vt 0.468750 0.839469
vt 0.468750 0.817303
vt 0.468750 0.910898
vt 0.468750 0.888731
vt 0.468750 0.982327
vt 0.468750 0.960160
vt 0.500000 0.625184
vt 0.500000 0.603017
vt 0.500000 0.696612
vt 0.500000 0.674445
vt 0.500000 0.768041
vt 0.500000 0.745874
vt 0.500000 0.839469
vt 0.500000 0.817303
vt 0.500000 0.910898
vt 0.500000 0.888731
vt 0.500000 0.982327
vt 0.500000 0.960160
vt 0.531250 0.625184
vt 0.531250 0.603017
vt 0.531250 0.696612
vt 0.531250 0.674445
vt 0.531250 0.768041
vt 0.531250 0.745874
vt 0.531250 0.839469
vt 0.531250 0.817303
vt 0.531250 0.910898
vt 0.531250 0.888731
vt 0.531250 0.982326
vt 0.531250 0.960160
vt 0.562500 0.625184
vt 0.562500 0.603017
vt 0.562500 0.696612
vt 0.562500 0.674445
vt 0.562500 0.768041
vt 0.562500 0.745874
vt 0.562500 0.839469
vt 0.562500 0.817303
vt 0.562500 0.910898
vt 0.562500 0.888731
vt 0.562500 0.982326
vt 0.562500 0.960160
vt 0.593750 0.625184
vt 0.593750 0.603017
vt 0.593750 0.696612
vt 0.593750 0.674445
vt 0.593750 0.768041
vt 0.593750 0.745874
vt 0.593750 0.839469
vt 0.593750 0.817302
vt 0.593750 0.910898
vt 0.593750 0.888731
vt 0.593750 0.982326
vt 0.593750 0.960160
vt 0.625000 0.625184
vt 0.625000 0.603017
vt 0.625000 0.696612
vt 0.625000 0.674445
vt 0.625000 0.768041
vt 0.625000 0.745874
vt 0.625000 0.839469
vt 0.625000 0.817303
vt 0.625000 0.910898
vt 0.625000 0.888731
vt 0.625000 0.982327
vt 0.625000 0.960159
vt 0.656250 0.625184
vt 0.656250 0.603017
vt 0.656250 0.696612
vt 0.656250 0.674445
vt 0.656250 0.768041
vt 0.656250 0.745874
vt 0.656250 0.839469
vt 0.656250 0.817302
vt 0.656250 0.910898
vt 0.656250 0.888731
vt 0.656250 0.982327
vt 0.656250 0.960159
vt 0.687500 0.625184
vt 0.687500 0.603017
vt 0.687500 0.696612
vt 0.687500 0.674445
vt 0.687500 0.768041
vt 0.687500 0.745874
vt 0.687500 0.839469
vt 0.687500 0.817303
vt 0.687500 0.910898
vt 0.687500 0.888731
vt 0.687500 0.982327
vt 0.687500 0.960160
vt 0.718750 0.625184
vt 0.718750 0.603017
vt 0.718750 0.696612
vt 0.718750 0.674445
vt 0.718750 0.768041
vt 0.718750 0.745874
vt 0.718750 0.839469
vt 0.718750 0.817302
vt 0.718750 0.910898
vt 0.718750 0.888731
vt 0.718750 0.982327
vt 0.718750 0.960159
vt 0.750000 0.625184
vt 0.750000 0.603017
vt 0.750000 0.696612
vt 0.750000 0.674445
vt 0.750000 0.768041
vt 0.750000 0.745874
vt 0.750000 0.839469
vt 0.750000 0.817302
vt 0.750000 0.910898
vt 0.750000 0.888731
vt 0.750000 0.982327
vt 0.750000 0.960160
vt 0.781250 0.625184
vt 0.781250 0.603017
vt 0.781250 0.696612
vt 0.781250 0.674445
vt 0.781250 0.768041
vt 0.781250 0.745874
vt 0.781250 0.839469
vt 0.781250 0.817303
vt 0.781250 0.910898
vt 0.781250 0.888731
vt 0.781250 0.982327
vt 0.781250 0.960159
vt 0.812500 0.625184
vt 0.812500 0.603017
vt 0.812500 0.696612
vt 0.812500 0.674445
vt 0.812500 0.768041
vt 0.812500 0.745874
vt 0.812500 0.839469
vt 0.812500 0.817302
vt 0.812500 0.910898
vt 0.812500 0.888731
vt 0.812500 0.982327
vt 0.812500 0.960160
vt 0.843750 0.625184
vt 0.843750 0.603017
vt 0.843750 0.696612
vt 0.843750 0.674445
vt 0.843750 0.768041
vt 0.843750 0.745874
vt 0.843750 0.839469
vt 0.843750 0.817302
vt 0.843750 0.910898
vt 0.843750 0.888731
vt 0.843750 0.982327
vt 0.843750 0.960159
vt 0.875000 0.625184
vt 0.875000 0.603017
vt 0.875000 0.696612
vt 0.875000 0.674445
vt 0.875000 0.768041
vt 0.875000 0.745874
vt 0.875000 0.839469
vt 0.875000 0.817303
vt 0.875000 0.910898
vt 0.875000 0.888731
vt 0.875000 0.982326
vt 0.875000 0.960160
vt 0.906250 0.625184
vt 0.906250 0.603017
vt 0.906250 0.696612
vt 0.906250 0.674445
vt 0.906250 0.768041
vt 0.906250 0.745874
vt 0.906250 0.839469
vt 0.906250 0.817302
vt 0.906250 0.910898
vt 0.906250 0.888731
vt 0.906250 0.982327
vt 0.906250 0.960160
vt 0.937500 0.625184
vt 0.937500 0.603017
vt 0.937500 0.696612
vt 0.937500 0.674445
vt 0.937500 0.768041
vt 0.937500 0.745874
vt 0.937500 0.839469
vt 0.937500 0.817303
vt 0.937500 0.910898
vt 0.937500 0.888731
vt 0.937500 0.982326
vt 0.937500 0.960160
vt 0.968750 0.625184
vt 0.968750 0.603017
vt 0.968750 0.696612
vt 0.968750 0.674445
vt 0.968750 0.768041
vt 0.968750 0.745874
vt 0.968750 0.839469
vt 0.968750 0.817303
vt 0.968750 0.910898
vt 0.968750 0.888731
vt 0.968750 0.982327
vt 0.968750 0.960160
vt 1.000000 0.625184
vt 1.000000 0.603017
vt 1.000000 0.696612
vt 1.000000 0.674445
vt 1.000000 0.768041
vt 1.000000 0.745874
vt 1.000000 0.839469
vt 1.000000 0.817302
vt 1.000000 0.910898
vt 1.000000 0.888731
vt 1.000000 0.982327
vt 1.000000 0.960160
vt 0.437500 1.000000
vt 0.468750 1.000000
vt 0.875000 0.500000
vt 0.843750 0.500000
vt 0.750000 0.490000
vt 0.796822 0.485388
vt 0.841844 0.471731
vt 0.883337 0.449553
vt 0.919706 0.419706
vt 0.949553 0.383337
vt 0.971731 0.341844
vt 0.985388 0.296822
vt 0.990000 0.250000
vt 0.985388 0.203178
vt 0.971731 0.158156
vt 0.949553 0.116663
vt 0.919706 0.080294
vt 0.883337 0.050447
vt 0.841844 0.028269
vt 0.796822 0.014612
vt 0.750000 0.010000
vt 0.703178 0.014612
vt 0.658156 0.028269
vt 0.616663 0.050447
vt 0.580294 0.080294
vt 0.550447 0.116663
vt 0.528269 0.158156
vt 0.514612 0.203178
vt 0.510000 0.250000
vt 0.514612 0.296822
vt 0.528269 0.341844
vt 0.550447 0.383337
vt 0.580294 0.419706
vt 0.616663 0.449553
vt 0.658156 0.471731
vt 0.703178 0.485388
vt 0.593750 0.500000
vt 0.562500 0.500000
vt 1.000000 0.500000
vt 0.968750 0.500000
vt 0.312500 0.500000
vt 0.281250 0.500000
vt 0.031250 0.500000
vt 0.000000 0.500000
vt 0.718750 0.500000
vt 0.687500 0.500000
vt 0.437500 0.500000
vt 0.406250 0.500000
vt 0.156250 0.500000
vt 0.125000 0.500000
vt 0.812500 0.500000
vt 0.531250 0.500000
vt 0.250000 0.500000
vt 0.937500 0.500000
vt 0.656250 0.500000
vt 0.375000 0.500000
vt 0.093750 0.500000
vt 0.781250 0.500000
vt 0.500000 0.500000
vt 0.218750 0.500000
vt 0.906250 0.500000
vt 0.625000 0.500000
vt 0.343750 0.500000
vt 0.062500 0.500000
vt 0.750000 0.500000
vt 0.468750 0.500000
vt 0.187500 0.500000
vt 0.250000 0.266124
vt 0.233876 0.250000
vt 0.250000 0.233876
vt 0.266124 0.250000
vt 0.010000 0.250000
vt 0.014612 0.296822
vt 0.718750 1.000000
vt 0.750000 1.000000
vt 0.014612 0.203178
vt 0.028269 0.158156
vt 0.187500 1.000000
vt 0.218750 1.000000
vt 0.500000 1.000000
vt 0.050447 0.116663
vt 0.781250 1.000000
vt 0.419706 0.419706
vt 0.410849 0.426974
vt 0.426974 0.089151
vt 0.410849 0.073026
vt 0.419706 0.080294
vt 0.250000 1.000000
vt 0.158156 0.028269
vt 0.116663 0.050447
vt 0.531250 1.000000
vt 0.812500 1.000000
vt 0.203178 0.014612
vt 0.250000 0.010000
vt 0.281250 1.000000
vt 0.296822 0.014612
vt 0.562500 1.000000
vt 0.843750 1.000000
vt 0.341844 0.028269
vt 0.000000 1.000000
vt 0.031250 1.000000
vt 0.383337 0.050447
vt 0.312500 1.000000
vt 0.593750 1.000000
vt 0.089151 0.426974
vt 0.073026 0.410849
vt 0.875000 1.000000
vt 0.089151 0.073026
vt 0.073026 0.089151
vt 0.080294 0.080294
vt 0.062500 1.000000
vt 0.471731 0.158156
vt 0.449553 0.116663
vt 0.343750 1.000000
vt 0.968750 1.000000
vt 1.000000 1.000000
vt 0.687500 1.000000
vt 0.406250 1.000000
vt 0.125000 1.000000
vt 0.156250 1.000000
vt 0.937500 1.000000
vt 0.656250 1.000000
vt 0.375000 1.000000
vt 0.093750 1.000000
vt 0.906250 1.000000
vt 0.625000 1.000000
vt 0.028269 0.341844
vt 0.050447 0.383337
vt 0.250000 0.490000
vt 0.296822 0.485388
vt 0.341844 0.471731
vt 0.383337 0.449553
vt 0.116663 0.449553
vt 0.158156 0.471731
vt 0.203178 0.485388
vt 0.426974 0.410849
vt 0.449553 0.383337
vt 0.471731 0.341844
vt 0.485388 0.296822
vt 0.490000 0.250000
vt 0.485388 0.203178
vt 0.080294 0.419706
vt 0.419706 0.419706
vt 0.419706 0.080294
vt 0.080294 0.080294
s 0
usemtl Material.003
f 384/1/1 1/2/1 2/3/1 383/4/1
f 382/5/1 3/6/1 4/7/1 381/8/1
f 380/9/1 5/10/1 6/11/1 379/12/1
f 378/13/1 7/14/1 8/15/1 377/16/1
f 376/17/1 9/18/1 10/19/1 375/20/1
f 374/21/1 11/22/1 12/23/1 373/24/1
f 372/25/2 384/1/2 383/4/2 371/26/2
f 370/27/2 382/5/2 381/8/2 369/28/2
f 368/29/2 380/9/2 379/12/2 367/30/2
f 366/31/2 378/13/2 377/16/2 365/32/2
f 364/33/2 376/17/2 375/20/2 363/34/2
f 362/35/2 374/21/2 373/24/2 361/36/2
f 360/37/3 372/25/3 371/26/3 359/38/3
f 358/39/3 370/27/3 369/28/3 357/40/3
f 356/41/3 368/29/3 367/30/3 355/42/3
f 354/43/3 366/31/3 365/32/3 353/44/3
f 352/45/3 364/33/3 363/34/3 351/46/3
f 350/47/3 362/35/3 361/36/3 349/48/3
f 348/49/4 360/37/4 359/38/4 347/50/4
f 346/51/4 358/39/4 357/40/4 345/52/4
f 344/53/4 356/41/4 355/42/4 343/54/4
f 342/55/4 354/43/4 353/44/4 341/56/4
f 340/57/4 352/45/4 351/46/4 339/58/4
f 338/59/4 350/47/4 349/48/4 337/60/4
f 336/61/5 348/49/5 347/50/5 335/62/5
f 334/63/5 346/51/5 345/52/5 333/64/5
f 332/65/5 344/53/5 343/54/5 331/66/5
f 330/67/5 342/55/5 341/56/5 329/68/5
f 328/69/5 340/57/5 339/58/5 327/70/5
f 326/71/5 338/59/5 337/60/5 325/72/5
f 324/73/6 336/61/6 335/62/6 323/74/6
f 322/75/6 334/63/6 333/64/6 321/76/6
f 320/77/6 332/65/6 331/66/6 319/78/6
f 318/79/6 330/67/6 329/68/6 317/80/6
f 316/81/6 328/69/6 327/70/6 315/82/6
f 314/83/6 326/71/6 325/72/6 313/84/6
f 312/85/7 324/73/7 323/74/7 311/86/7
f 310/87/7 322/75/7 321/76/7 309/88/7
f 308/89/7 320/77/7 319/78/7 307/90/7
f 306/91/7 318/79/7 317/80/7 305/92/7
f 304/93/7 316/81/7 315/82/7 303/94/7
f 302/95/7 314/83/7 313/84/7 301/96/7
f 300/97/8 312/85/8 311/86/8 299/98/8
f 298/99/8 310/87/8 309/88/8 297/100/8
f 296/101/8 308/89/8 307/90/8 295/102/8
f 294/103/8 306/91/8 305/92/8 293/104/8
f 292/105/8 304/93/8 303/94/8 291/106/8
f 290/107/8 302/95/8 301/96/8 289/108/8
f 288/109/9 300/97/9 299/98/9 287/110/9
f 286/111/9 298/99/9 297/100/9 285/112/9
f 284/113/9 296/101/9 295/102/9 283/114/9
f 282/115/9 294/103/9 293/104/9 281/116/9
f 280/117/9 292/105/9 291/106/9 279/118/9
f 278/119/9 290/107/9 289/108/9 277/120/9
f 276/121/10 288/109/10 287/110/10 275/122/10
f 274/123/10 286/111/10 285/112/10 273/124/10
f 272/125/10 284/113/10 283/114/10 271/126/10
f 270/127/10 282/115/10 281/116/10 269/128/10
f 268/129/10 280/117/10 279/118/10 267/130/10
f 266/131/10 278/119/10 277/120/10 265/132/10
f 264/133/11 276/121/11 275/122/11 263/134/11
f 262/135/11 274/123/11 273/124/11 261/136/11
f 260/137/11 272/125/11 271/126/11 259/138/11
f 258/139/11 270/127/11 269/128/11 257/140/11
f 256/141/11 268/129/11 267/130/11 255/142/11
f 254/143/11 266/131/11 265/132/11 253/144/11
f 252/145/12 264/133/12 263/134/12 251/146/12
f 250/147/12 262/135/12 261/136/12 249/148/12
f 248/149/12 260/137/12 259/138/12 247/150/12
f 246/151/12 258/139/12 257/140/12 245/152/12
f 244/153/12 256/141/12 255/142/12 243/154/12
f 242/155/12 254/143/12 253/144/12 241/156/12
f 240/157/13 252/145/13 251/146/13 239/158/13
f 238/159/13 250/147/13 249/148/13 237/160/13
f 236/161/13 248/149/13 247/150/13 235/162/13
f 234/163/13 246/151/13 245/152/13 233/164/13
f 232/165/13 244/153/13 243/154/13 231/166/13
f 230/167/13 242/155/13 241/156/13 229/168/13
f 228/169/14 240/157/14 239/158/14 227/170/14
f 226/171/14 238/159/14 237/160/14 225/172/14
f 224/173/14 236/161/14 235/162/14 223/174/14
f 222/175/14 234/163/14 233/164/14 221/176/14
f 220/177/14 232/165/14 231/166/14 219/178/14
f 218/179/14 230/167/14 229/168/14 217/180/14
f 216/181/15 228/169/15 227/170/15 215/182/15
f 214/183/15 226/171/15 225/172/15 213/184/15
f 212/185/15 224/173/15 223/174/15 211/186/15
f 210/187/15 222/175/15 221/176/15 209/188/15
f 208/189/15 220/177/15 219/178/15 207/190/15
f 206/191/15 218/179/15 217/180/15 205/192/15
f 204/193/16 216/181/16 215/182/16 203/194/16
f 202/195/16 214/183/16 213/184/16 201/196/16
f 200/197/16 212/185/16 211/186/16 199/198/16
f 198/199/16 210/187/16 209/188/16 197/200/16
f 196/201/16 208/189/16 207/190/16 195/202/16
f 194/203/16 206/191/16 205/192/16 193/204/16
f 192/205/17 204/193/17 203/194/17 191/206/17
f 190/207/17 202/195/17 201/196/17 189/208/17
f 188/209/17 200/197/17 199/198/17 187/210/17
f 186/211/17 198/199/17 197/200/17 185/212/17
f 184/213/17 196/201/17 195/202/17 183/214/17
f 182/215/17 194/203/17 193/204/17 181/216/17
f 180/217/18 192/205/18 191/206/18 179/218/18
f 178/219/18 190/207/18 189/208/18 177/220/18
f 176/221/18 188/209/18 187/210/18 175/222/18
f 174/223/18 186/211/18 185/212/18 173/224/18
f 172/225/18 184/213/18 183/214/18 171/226/18
f 170/227/18 182/215/18 181/216/18 169/228/18
f 168/229/19 180/217/19 179/218/19 167/230/19
f 166/231/19 178/219/19 177/220/19 165/232/19
f 164/233/19 176/221/19 175/222/19 163/234/19
f 162/235/19 174/223/19 173/224/19 161/236/19
f 160/237/19 172/225/19 171/226/19 159/238/19
f 158/239/19 170/227/19 169/228/19 157/240/19
f 156/241/20 168/229/20 167/230/20 155/242/20
f 154/243/20 166/231/20 165/232/20 153/244/20
f 152/245/20 164/233/20 163/234/20 151/246/20
f 150/247/20 162/235/20 161/236/20 149/248/20
f 148/249/20 160/237/20 159/238/20 147/250/20
f 146/251/20 158/239/20 157/240/20 145/252/20
f 144/253/21 156/241/21 155/242/21 143/254/21
f 142/255/21 154/243/21 153/244/21 141/256/21
f 140/257/21 152/245/21 151/246/21 139/258/21
f 138/259/21 150/247/21 149/248/21 137/260/21
f 136/261/21 148/249/21 147/250/21 135/262/21
f 134/263/21 146/251/21 145/252/21 133/264/21
f 132/265/22 144/253/22 143/254/22 131/266/22
f 130/267/22 142/255/22 141/256/22 129/268/22
f 128/269/22 140/257/22 139/258/22 127/270/22
f 126/271/22 138/259/22 137/260/22 125/272/22
f 124/273/22 136/261/22 135/262/22 123/274/22
f 122/275/22 134/263/22 133/264/22 121/276/22
f 120/277/23 132/265/23 131/266/23 119/278/23
f 118/279/23 130/267/23 129/268/23 117/280/23
f 116/281/23 128/269/23 127/270/23 115/282/23
f 114/283/23 126/271/23 125/272/23 113/284/23
f 112/285/23 124/273/23 123/274/23 111/286/23
f 110/287/23 122/275/23 121/276/23 109/288/23
f 108/289/24 120/277/24 119/278/24 107/290/24
f 106/291/24 118/279/24 117/280/24 105/292/24
f 104/293/24 116/281/24 115/282/24 103/294/24
f 102/295/24 114/283/24 113/284/24 101/296/24
f 100/297/24 112/285/24 111/286/24 99/298/24
f 98/299/24 110/287/24 109/288/24 97/300/24
f 96/301/25 108/289/25 107/290/25 95/302/25
f 94/303/25 106/291/25 105/292/25 93/304/25
f 92/305/25 104/293/25 103/294/25 91/306/25
f 90/307/25 102/295/25 101/296/25 89/308/25
f 88/309/25 100/297/25 99/298/25 87/310/25
f 86/311/25 98/299/25 97/300/25 85/312/25
f 84/313/26 96/301/26 95/302/26 83/314/26
f 82/315/26 94/303/26 93/304/26 81/316/26
f 80/317/26 92/305/26 91/306/26 79/318/26
f 78/319/26 90/307/26 89/308/26 77/320/26
f 76/321/26 88/309/26 87/310/26 75/322/26
f 74/323/26 86/311/26 85/312/26 73/324/26
f 72/325/27 84/313/27 83/314/27 71/326/27
f 70/327/27 82/315/27 81/316/27 69/328/27
f 68/329/27 80/317/27 79/318/27 67/330/27
f 66/331/27 78/319/27 77/320/27 65/332/27
f 64/333/27 76/321/27 75/322/27 63/334/27
f 62/335/27 74/323/27 73/324/27 61/336/27
f 60/337/28 72/325/28 71/326/28 59/338/28
f 58/339/28 70/327/28 69/328/28 57/340/28
f 56/341/28 68/329/28 67/330/28 55/342/28
f 54/343/28 66/331/28 65/332/28 53/344/28
f 52/345/28 64/333/28 63/334/28 51/346/28
f 50/347/28 62/335/28 61/336/28 49/348/28
f 48/349/29 60/337/29 59/338/29 47/350/29
f 46/351/29 58/339/29 57/340/29 45/352/29
f 44/353/29 56/341/29 55/342/29 43/354/29
f 42/355/29 54/343/29 53/344/29 41/356/29
f 40/357/29 52/345/29 51/346/29 39/358/29
f 38/359/29 50/347/29 49/348/29 37/360/29
f 36/361/30 48/349/30 47/350/30 35/362/30
f 34/363/30 46/351/30 45/352/30 33/364/30
f 32/365/30 44/353/30 43/354/30 31/366/30
f 30/367/30 42/355/30 41/356/30 29/368/30
f 28/369/30 40/357/30 39/358/30 27/370/30
f 26/371/30 38/359/30 37/360/30 25/372/30
f 24/373/31 36/361/31 35/362/31 23/374/31
f 22/375/31 34/363/31 33/364/31 21/376/31
f 20/377/31 32/365/31 31/366/31 19/378/31
f 18/379/31 30/367/31 29/368/31 17/380/31
f 16/381/31 28/369/31 27/370/31 15/382/31
f 14/383/31 26/371/31 25/372/31 13/384/31
f 1/385/32 24/373/32 23/374/32 2/386/32
f 3/387/32 22/375/32 21/376/32 4/388/32
f 5/389/32 20/377/32 19/378/32 6/390/32
f 7/391/32 18/379/32 17/380/32 8/392/32
f 9/393/32 16/381/32 15/382/32 10/394/32
f 11/395/32 14/383/32 13/384/32 12/396/32
f 768/1/17 767/4/17 386/3/17 385/2/17
f 766/5/17 765/8/17 388/7/17 387/6/17
f 764/9/17 763/12/17 390/11/17 389/10/17
f 762/13/17 761/16/17 392/15/17 391/14/17
f 760/17/17 759/20/17 394/19/17 393/18/17
f 758/21/17 757/24/17 396/23/17 395/22/17
f 756/25/18 755/26/18 767/4/18 768/1/18
f 754/27/18 753/28/18 765/8/18 766/5/18
f 752/29/18 751/30/18 763/12/18 764/9/18
f 750/31/18 749/32/18 761/16/18 762/13/18
f 748/33/18 747/34/18 759/20/18 760/17/18
f 746/35/18 745/36/18 757/24/18 758/21/18
f 744/37/19 743/38/19 755/26/19 756/25/19
f 742/39/19 741/40/19 753/28/19 754/27/19
f 740/41/19 739/42/19 751/30/19 752/29/19
f 738/43/19 737/44/19 749/32/19 750/31/19
f 736/45/19 735/46/19 747/34/19 748/33/19
f 734/47/19 733/48/19 745/36/19 746/35/19
f 732/49/20 731/50/20 743/38/20 744/37/20
f 730/51/20 729/52/20 741/40/20 742/39/20
f 728/53/20 727/54/20 739/42/20 740/41/20
f 726/55/20 725/56/20 737/44/20 738/43/20
f 724/57/20 723/58/20 735/46/20 736/45/20
f 722/59/20 721/60/20 733/48/20 734/47/20
f 720/61/21 719/62/21 731/50/21 732/49/21
f 718/63/21 717/64/21 729/52/21 730/51/21
f 716/65/21 715/66/21 727/54/21 728/53/21
f 714/67/21 713/68/21 725/56/21 726/55/21
f 712/69/21 711/70/21 723/58/21 724/57/21
f 710/71/21 709/72/21 721/60/21 722/59/21
f 708/73/22 707/74/22 719/62/22 720/61/22
f 706/75/22 705/76/22 717/64/22 718/63/22
f 704/77/22 703/78/22 715/66/22 716/65/22
f 702/79/22 701/80/22 713/68/22 714/67/22
f 700/81/22 699/82/22 711/70/22 712/69/22
f 698/83/22 697/84/22 709/72/22 710/71/22
f 696/85/23 695/86/23 707/74/23 708/73/23
f 694/87/23 693/88/23 705/76/23 706/75/23
f 692/89/23 691/90/23 703/78/23 704/77/23
f 690/91/23 689/92/23 701/80/23 702/79/23
f 688/93/23 687/94/23 699/82/23 700/81/23
f 686/95/23 685/96/23 697/84/23 698/83/23
f 684/97/24 683/98/24 695/86/24 696/85/24
f 682/99/24 681/100/24 693/88/24 694/87/24
f 680/101/24 679/102/24 691/90/24 692/89/24
f 678/103/24 677/104/24 689/92/24 690/91/24
f 676/105/24 675/106/24 687/94/24 688/93/24
f 674/107/24 673/108/24 685/96/24 686/95/24
f 672/109/25 671/110/25 683/98/25 684/97/25
f 670/111/25 669/112/25 681/100/25 682/99/25
f 668/113/25 667/114/25 679/102/25 680/101/25
f 666/115/25 665/116/25 677/104/25 678/103/25
f 664/117/25 663/118/25 675/106/25 676/105/25
f 662/119/25 661/120/25 673/108/25 674/107/25
f 660/121/26 659/122/26 671/110/26 672/109/26
f 658/123/26 657/124/26 669/112/26 670/111/26
f 656/125/26 655/126/26 667/114/26 668/113/26
f 654/127/26 653/128/26 665/116/26 666/115/26
f 652/129/26 651/130/26 663/118/26 664/117/26
f 650/131/26 649/132/26 661/120/26 662/119/26
f 648/133/27 647/134/27 659/122/27 660/121/27
f 646/135/27 645/136/27 657/124/27 658/123/27
f 644/137/27 643/138/27 655/126/27 656/125/27
f 642/139/27 641/140/27 653/128/27 654/127/27
f 640/141/27 639/142/27 651/130/27 652/129/27
f 638/143/27 637/144/27 649/132/27 650/131/27
f 636/145/28 635/146/28 647/134/28 648/133/28
f 634/147/28 633/148/28 645/136/28 646/135/28
f 632/149/28 631/150/28 643/138/28 644/137/28
f 630/151/28 629/152/28 641/140/28 642/139/28
f 628/153/28 627/154/28 639/142/28 640/141/28
f 626/155/28 625/156/28 637/144/28 638/143/28
f 624/157/29 623/158/29 635/146/29 636/145/29
f 622/159/29 621/160/29 633/148/29 634/147/29
f 620/161/29 619/162/29 631/150/29 632/149/29
f 618/163/29 617/164/29 629/152/29 630/151/29
f 616/165/29 615/166/29 627/154/29 628/153/29
f 614/167/29 613/168/29 625/156/29 626/155/29
f 612/169/30 611/170/30 623/158/30 624/157/30
f 610/171/30 609/172/30 621/160/30 622/159/30
f 608/173/30 607/174/30 619/162/30 620/161/30
f 606/175/30 605/176/30 617/164/30 618/163/30
f 604/177/30 603/178/30 615/166/30 616/165/30
f 602/179/30 601/180/30 613/168/30 614/167/30
f 600/181/31 599/182/31 611/170/31 612/169/31
f 598/183/31 597/184/31 609/172/31 610/171/31
f 596/185/31 595/186/31 607/174/31 608/173/31
f 594/187/31 593/188/31 605/176/31 606/175/31
f 592/189/31 591/190/31 603/178/31 604/177/31
f 590/191/31 589/192/31 601/180/31 602/179/31
f 588/193/32 587/194/32 599/182/32 600/181/32
f 586/195/32 585/196/32 597/184/32 598/183/32
f 584/197/32 583/198/32 595/186/32 596/185/32
f 582/199/32 581/200/32 593/188/32 594/187/32
f 580/201/32 579/202/32 591/190/32 592/189/32
f 578/203/32 577/204/32 589/192/32 590/191/32
f 576/205/1 575/206/1 587/194/1 588/193/1
f 574/207/1 573/208/1 585/196/1 586/195/1
f 572/209/1 571/210/1 583/198/1 584/197/1
f 570/211/1 569/212/1 581/200/1 582/199/1
f 568/213/1 567/214/1 579/202/1 580/201/1
f 566/215/1 565/216/1 577/204/1 578/203/1
f 564/217/2 563/218/2 575/206/2 576/205/2
f 562/219/2 561/220/2 573/208/2 574/207/2
f 560/221/2 559/222/2 571/210/2 572/209/2
f 558/223/2 557/224/2 569/212/2 570/211/2
f 556/225/2 555/226/2 567/214/2 568/213/2
f 554/227/2 553/228/2 565/216/2 566/215/2
f 552/229/3 551/230/3 563/218/3 564/217/3
f 550/231/3 549/232/3 561/220/3 562/219/3
f 548/233/3 547/234/3 559/222/3 560/221/3
f 546/235/3 545/236/3 557/224/3 558/223/3
f 544/237/3 543/238/3 555/226/3 556/225/3
f 542/239/3 541/240/3 553/228/3 554/227/3
f 540/241/4 539/242/4 551/230/4 552/229/4
f 538/243/4 537/244/4 549/232/4 550/231/4
f 536/245/4 535/246/4 547/234/4 548/233/4
f 534/247/4 533/248/4 545/236/4 546/235/4
f 532/249/4 531/250/4 543/238/4 544/237/4
f 530/251/4 529/252/4 541/240/4 542/239/4
f 528/253/5 527/254/5 539/242/5 540/241/5
f 526/255/5 525/256/5 537/244/5 538/243/5
f 524/257/5 523/258/5 535/246/5 536/245/5
f 522/259/5 521/260/5 533/248/5 534/247/5
f 520/261/5 519/262/5 531/250/5 532/249/5
f 518/263/5 517/264/5 529/252/5 530/251/5
f 516/265/6 515/266/6 527/254/6 528/253/6
f 514/267/6 513/268/6 525/256/6 526/255/6
f 512/269/6 511/270/6 523/258/6 524/257/6
f 510/271/6 509/272/6 521/260/6 522/259/6
f 508/273/6 507/274/6 519/262/6 520/261/6
f 506/275/6 505/276/6 517/264/6 518/263/6
f 504/277/7 503/278/7 515/266/7 516/265/7
f 502/279/7 501/280/7 513/268/7 514/267/7
f 500/281/7 499/282/7 511/270/7 512/269/7
f 498/283/7 497/284/7 509/272/7 510/271/7
f 496/285/7 495/286/7 507/274/7 508/273/7
f 494/287/7 493/288/7 505/276/7 506/275/7
f 492/289/8 491/290/8 503/278/8 504/277/8
f 490/291/8 489/292/8 501/280/8 502/279/8
f 488/293/8 487/294/8 499/282/8 500/281/8
f 486/295/8 485/296/8 497/284/8 498/283/8
f 484/297/8 483/298/8 495/286/8 496/285/8
f 482/299/8 481/300/8 493/288/8 494/287/8
f 480/301/9 479/302/9 491/290/9 492/289/9
f 478/303/9 477/304/9 489/292/9 490/291/9
f 476/305/9 475/306/9 487/294/9 488/293/9
f 474/307/9 473/308/9 485/296/9 486/295/9
f 472/309/9 471/310/9 483/298/9 484/297/9
f 470/311/9 469/312/9 481/300/9 482/299/9
f 468/313/10 467/314/10 479/302/10 480/301/10
f 466/315/10 465/316/10 477/304/10 478/303/10
f 464/317/10 463/318/10 475/306/10 476/305/10
f 462/319/10 461/320/10 473/308/10 474/307/10
f 460/321/10 459/322/10 471/310/10 472/309/10
f 458/323/10 457/324/10 469/312/10 470/311/10
f 456/325/11 455/326/11 467/314/11 468/313/11
f 454/327/11 453/328/11 465/316/11 466/315/11
f 452/329/11 451/330/11 463/318/11 464/317/11
f 450/331/11 449/332/11 461/320/11 462/319/11
f 448/333/11 447/334/11 459/322/11 460/321/11
f 446/335/11 445/336/11 457/324/11 458/323/11
f 444/337/12 443/338/12 455/326/12 456/325/12
f 442/339/12 441/340/12 453/328/12 454/327/12
f 440/341/12 439/342/12 451/330/12 452/329/12
f 438/343/12 437/344/12 449/332/12 450/331/12
f 436/345/12 435/346/12 447/334/12 448/333/12
f 434/347/12 433/348/12 445/336/12 446/335/12
f 432/349/13 431/350/13 443/338/13 444/337/13
f 430/351/13 429/352/13 441/340/13 442/339/13
f 428/353/13 427/354/13 439/342/13 440/341/13
f 426/355/13 425/356/13 437/344/13 438/343/13
f 424/357/13 423/358/13 435/346/13 436/345/13
f 422/359/13 421/360/13 433/348/13 434/347/13
f 420/361/14 419/362/14 431/350/14 432/349/14
f 418/363/14 417/364/14 429/352/14 430/351/14
f 416/365/14 415/366/14 427/354/14 428/353/14
f 414/367/14 413/368/14 425/356/14 426/355/14
f 412/369/14 411/370/14 423/358/14 424/357/14
f 410/371/14 409/372/14 421/360/14 422/359/14
f 408/373/15 407/374/15 419/362/15 420/361/15
f 406/375/15 405/376/15 417/364/15 418/363/15
f 404/377/15 403/378/15 415/366/15 416/365/15
f 402/379/15 401/380/15 413/368/15 414/367/15
f 400/381/15 399/382/15 411/370/15 412/369/15
f 398/383/15 397/384/15 409/372/15 410/371/15
f 385/385/16 386/386/16 407/374/16 408/373/16
f 387/387/16 388/388/16 405/376/16 406/375/16
f 389/389/16 390/390/16 403/378/16 404/377/16
f 391/391/16 392/392/16 401/380/16 402/379/16
f 393/393/16 394/394/16 399/382/16 400/381/16
f 395/395/16 396/396/16 397/384/16 398/383/16
f 1/2/33 384/1/33 768/1/33 385/2/33
f 383/4/34 2/3/34 386/3/34 767/4/34
f 3/6/33 382/5/33 766/5/33 387/6/33
f 381/8/34 4/7/34 388/7/34 765/8/34
f 5/10/33 380/9/33 764/9/33 389/10/33
f 379/12/34 6/11/34 390/11/34 763/12/34
f 7/14/33 378/13/33 762/13/33 391/14/33
f 377/16/34 8/15/34 392/15/34 761/16/34
f 9/18/33 376/17/33 760/17/33 393/18/33
f 375/20/34 10/19/34 394/19/34 759/20/34
f 11/22/33 374/21/33 758/21/33 395/22/33
f 373/24/34 12/23/34 396/23/34 757/24/34
f 384/1/33 372/25/33 756/25/33 768/1/33
f 371/26/34 383/4/34 767/4/34 755/26/34
f 382/5/33 370/27/33 754/27/33 766/5/33
f 369/28/34 381/8/34 765/8/34 753/28/34
f 380/9/33 368/29/33 752/29/33 764/9/33
f 367/30/34 379/12/34 763/12/34 751/30/34
f 378/13/33 366/31/33 750/31/33 762/13/33
f 365/32/34 377/16/34 761/16/34 749/32/34
f 376/17/33 364/33/33 748/33/33 760/17/33
f 363/34/34 375/20/34 759/20/34 747/34/34
f 374/21/33 362/35/33 746/35/33 758/21/33
f 361/36/34 373/24/34 757/24/34 745/36/34
f 372/25/33 360/37/33 744/37/33 756/25/33
f 359/38/34 371/26/34 755/26/34 743/38/34
f 370/27/33 358/39/33 742/39/33 754/27/33
f 357/40/34 369/28/34 753/28/34 741/40/34
f 368/29/33 356/41/33 740/41/33 752/29/33
f 355/42/34 367/30/34 751/30/34 739/42/34
f 366/31/33 354/43/33 738/43/33 750/31/33
f 353/44/34 365/32/34 749/32/34 737/44/34
f 364/33/33 352/45/33 736/45/33 748/33/33
f 351/46/34 363/34/34 747/34/34 735/46/34
f 362/35/33 350/47/33 734/47/33 746/35/33
f 349/48/34 361/36/34 745/36/34 733/48/34
f 360/37/33 348/49/33 732/49/33 744/37/33
f 347/50/34 359/38/34 743/38/34 731/50/34
f 358/39/33 346/51/33 730/51/33 742/39/33
f 345/52/34 357/40/34 741/40/34 729/52/34
f 356/41/33 344/53/33 728/53/33 740/41/33
f 343/54/34 355/42/34 739/42/34 727/54/34
f 354/43/33 342/55/33 726/55/33 738/43/33
f 341/56/34 353/44/34 737/44/34 725/56/34
f 352/45/33 340/57/33 724/57/33 736/45/33
f 339/58/34 351/46/34 735/46/34 723/58/34
f 350/47/33 338/59/33 722/59/33 734/47/33
f 337/60/34 349/48/34 733/48/34 721/60/34
f 348/49/33 336/61/33 720/61/33 732/49/33
f 335/62/34 347/50/34 731/50/34 719/62/34
f 346/51/33 334/63/33 718/63/33 730/51/33
f 333/64/34 345/52/34 729/52/34 717/64/34
f 344/53/33 332/65/33 716/65/33 728/53/33
f 331/66/34 343/54/34 727/54/34 715/66/34
f 342/55/33 330/67/33 714/67/33 726/55/33
f 329/68/34 341/56/34 725/56/34 713/68/34
f 340/57/33 328/69/33 712/69/33 724/57/33
f 327/70/34 339/58/34 723/58/34 711/70/34
f 338/59/33 326/71/33 710/71/33 722/59/33
f 325/72/34 337/60/34 721/60/34 709/72/34
f 336/61/33 324/73/33 708/73/33 720/61/33
f 323/74/34 335/62/34 719/62/34 707/74/34
f 334/63/33 322/75/33 706/75/33 718/63/33
f 321/76/34 333/64/34 717/64/34 705/76/34
f 332/65/33 320/77/33 704/77/33 716/65/33
f 319/78/34 331/66/34 715/66/34 703/78/34
f 330/67/33 318/79/33 702/79/33 714/67/33
f 317/80/34 329/68/34 713/68/34 701/80/34
f 328/69/33 316/81/33 700/81/33 712/69/33
f 315/82/34 327/70/34 711/70/34 699/82/34
f 326/71/33 314/83/33 698/83/33 710/71/33
f 313/84/34 325/72/34 709/72/34 697/84/34
f 324/73/33 312/85/33 696/85/33 708/73/33
f 311/86/34 323/74/34 707/74/34 695/86/34
f 322/75/33 310/87/33 694/87/33 706/75/33
f 309/88/34 321/76/34 705/76/34 693/88/34
f 320/77/33 308/89/33 692/89/33 704/77/33
f 307/90/34 319/78/34 703/78/34 691/90/34
f 318/79/33 306/91/33 690/91/33 702/79/33
f 305/92/34 317/80/34 701/80/34 689/92/34
f 316/81/33 304/93/33 688/93/33 700/81/33
f 303/94/34 315/82/34 699/82/34 687/94/34
f 314/83/33 302/95/33 686/95/33 698/83/33
f 301/96/34 313/84/34 697/84/34 685/96/34
f 312/85/33 300/97/33 684/97/33 696/85/33
f 299/98/34 311/86/34 695/86/34 683/98/34
f 310/87/33 298/99/33 682/99/33 694/87/33
f 297/100/34 309/88/34 693/88/34 681/100/34
f 308/89/33 296/101/33 680/101/33 692/89/33
f 295/102/34 307/90/34 691/90/34 679/102/34
f 306/91/33 294/103/33 678/103/33 690/91/33
f 293/104/34 305/92/34 689/92/34 677/104/34
f 304/93/33 292/105/33 676/105/33 688/93/33
f 291/106/34 303/94/34 687/94/34 675/106/34
f 302/95/33 290/107/33 674/107/33 686/95/33
f 289/108/34 301/96/34 685/96/34 673/108/34
f 300/97/33 288/109/33 672/109/33 684/97/33
f 287/110/34 299/98/34 683/98/34 671/110/34
f 298/99/33 286/111/33 670/111/33 682/99/33
f 285/112/34 297/100/34 681/100/34 669/112/34
f 296/101/33 284/113/33 668/113/33 680/101/33
f 283/114/34 295/102/34 679/102/34 667/114/34
f 294/103/33 282/115/33 666/115/33 678/103/33
f 281/116/34 293/104/34 677/104/34 665/116/34
f 292/105/33 280/117/33 664/117/33 676/105/33
f 279/118/34 291/106/34 675/106/34 663/118/34
f 290/107/33 278/119/33 662/119/33 674/107/33
f 277/120/34 289/108/34 673/108/34 661/120/34
f 288/109/33 276/121/33 660/121/33 672/109/33
f 275/122/34 287/110/34 671/110/34 659/122/34
f 286/111/33 274/123/33 658/123/33 670/111/33
f 273/124/34 285/112/34 669/112/34 657/124/34
f 284/113/33 272/125/33 656/125/33 668/113/33
f 271/126/34 283/114/34 667/114/34 655/126/34
f 282/115/33 270/127/33 654/127/33 666/115/33
f 269/128/34 281/116/34 665/116/34 653/128/34
f 280/117/33 268/129/33 652/129/33 664/117/33
f 267/130/34 279/118/34 663/118/34 651/130/34
f 278/119/33 266/131/33 650/131/33 662/119/33
f 265/132/34 277/120/34 661/120/34 649/132/34
f 276/121/33 264/133/33 648/133/33 660/121/33
f 263/134/34 275/122/34 659/122/34 647/134/34
f 274/123/33 262/135/33 646/135/33 658/123/33
f 261/136/34 273/124/34 657/124/34 645/136/34
f 272/125/33 260/137/33 644/137/33 656/125/33
f 259/138/34 271/126/34 655/126/34 643/138/34
f 270/127/33 258/139/33 642/139/33 654/127/33
f 257/140/34 269/128/34 653/128/34 641/140/34
f 268/129/33 256/141/33 640/141/33 652/129/33
f 255/142/34 267/130/34 651/130/34 639/142/34
f 266/131/33 254/143/33 638/143/33 650/131/33
f 253/144/34 265/132/34 649/132/34 637/144/34
f 264/133/33 252/145/33 636/145/33 648/133/33
f 251/146/34 263/134/34 647/134/34 635/146/34
f 262/135/33 250/147/33 634/147/33 646/135/33
f 249/148/34 261/136/34 645/136/34 633/148/34
f 260/137/33 248/149/33 632/149/33 644/137/33
f 247/150/34 259/138/34 643/138/34 631/150/34
f 258/139/33 246/151/33 630/151/33 642/139/33
f 245/152/34 257/140/34 641/140/34 629/152/34
f 256/141/33 244/153/33 628/153/33 640/141/33
f 243/154/34 255/142/34 639/142/34 627/154/34
f 254/143/33 242/155/33 626/155/33 638/143/33
f 241/156/34 253/144/34 637/144/34 625/156/34
f 252/145/33 240/157/33 624/157/33 636/145/33
f 239/158/34 251/146/34 635/146/34 623/158/34
f 250/147/33 238/159/33 622/159/33 634/147/33
f 237/160/34 249/148/34 633/148/34 621/160/34
f 248/149/33 236/161/33 620/161/33 632/149/33
f 235/162/34 247/150/34 631/150/34 619/162/34
f 246/151/33 234/163/33 618/163/33 630/151/33
f 233/164/34 245/152/34 629/152/34 617/164/34
f 244/153/33 232/165/33 616/165/33 628/153/33
f 231/166/34 243/154/34 627/154/34 615/166/34
f 242/155/33 230/167/33 614/167/33 626/155/33
f 229/168/34 241/156/34 625/156/34 613/168/34
f 240/157/33 228/169/33 612/169/33 624/157/33
f 227/170/34 239/158/34 623/158/34 611/170/34
f 238/159/33 226/171/33 610/171/33 622/159/33
f 225/172/34 237/160/34 621/160/34 609/172/34
f 236/161/33 224/173/33 608/173/33 620/161/33
f 223/174/34 235/162/34 619/162/34 607/174/34
f 234/163/33 222/175/33 606/175/33 618/163/33
f 221/176/34 233/164/34 617/164/34 605/176/34
f 232/165/33 220/177/33 604/177/33 616/165/33
f 219/178/34 231/166/34 615/166/34 603/178/34
f 230/167/33 218/179/33 602/179/33 614/167/33
f 217/180/34 229/168/34 613/168/34 601/180/34
f 228/169/33 216/181/33 600/181/33 612/169/33
f 215/182/34 227/170/34 611/170/34 599/182/34
f 226/171/33 214/183/33 598/183/33 610/171/33
f 213/184/34 225/172/34 609/172/34 597/184/34
f 224/173/33 212/185/33 596/185/33 608/173/33
f 211/186/34 223/174/34 607/174/34 595/186/34
f 222/175/33 210/187/33 594/187/33 606/175/33
f 209/188/34 221/176/34 605/176/34 593/188/34
f 220/177/33 208/189/33 592/189/33 604/177/33
f 207/190/34 219/178/34 603/178/34 591/190/34
f 218/179/33 206/191/33 590/191/33 602/179/33
f 205/192/34 217/180/34 601/180/34 589/192/34
f 216/181/33 204/193/33 588/193/33 600/181/33
f 203/194/34 215/182/34 599/182/34 587/194/34
f 214/183/33 202/195/33 586/195/33 598/183/33
f 201/196/34 213/184/34 597/184/34 585/196/34
f 212/185/33 200/197/33 584/197/33 596/185/33
f 199/198/34 211/186/34 595/186/34 583/198/34
f 210/187/33 198/199/33 582/199/33 594/187/33
f 197/200/34 209/188/34 593/188/34 581/200/34
f 208/189/33 196/201/33 580/201/33 592/189/33
f 195/202/34 207/190/34 591/190/34 579/202/34
f 206/191/33 194/203/33 578/203/33 590/191/33
f 193/204/34 205/192/34 589/192/34 577/204/34
f 204/193/33 192/205/33 576/205/33 588/193/33
f 191/206/34 203/194/34 587/194/34 575/206/34
f 202/195/33 190/207/33 574/207/33 586/195/33
f 189/208/34 201/196/34 585/196/34 573/208/34
f 200/197/33 188/209/33 572/209/33 584/197/33
f 187/210/34 199/198/34 583/198/34 571/210/34
f 198/199/33 186/211/33 570/211/33 582/199/33
f 185/212/34 197/200/34 581/200/34 569/212/34
f 196/201/33 184/213/33 568/213/33 580/201/33
f 183/214/34 195/202/34 579/202/34 567/214/34
f 194/203/33 182/215/33 566/215/33 578/203/33
f 181/216/34 193/204/34 577/204/34 565/216/34
f 192/205/33 180/217/33 564/217/33 576/205/33
f 179/218/34 191/206/34 575/206/34 563/218/34
f 190/207/33 178/219/33 562/219/33 574/207/33
f 177/220/34 189/208/34 573/208/34 561/220/34
f 188/209/33 176/221/33 560/221/33 572/209/33
f 175/222/34 187/210/34 571/210/34 559/222/34
f 186/211/33 174/223/33 558/223/33 570/211/33
f 173/224/34 185/212/34 569/212/34 557/224/34
f 184/213/33 172/225/33 556/225/33 568/213/33
f 171/226/34 183/214/34 567/214/34 555/226/34
f 182/215/33 170/227/33 554/227/33 566/215/33
f 169/228/34 181/216/34 565/216/34 553/228/34
f 180/217/33 168/229/33 552/229/33 564/217/33
f 167/230/34 179/218/34 563/218/34 551/230/34
f 178/219/33 166/231/33 550/231/33 562/219/33
f 165/232/34 177/220/34 561/220/34 549/232/34
f 176/221/33 164/233/33 548/233/33 560/221/33
f 163/234/34 175/222/34 559/222/34 547/234/34
f 174/223/33 162/235/33 546/235/33 558/223/33
f 161/236/34 173/224/34 557/224/34 545/236/34
f 172/225/33 160/237/33 544/237/33 556/225/33
f 159/238/34 171/226/34 555/226/34 543/238/34
f 170/227/33 158/239/33 542/239/33 554/227/33
f 157/240/34 169/228/34 553/228/34 541/240/34
f 168/229/33 156/241/33 540/241/33 552/229/33
f 155/242/34 167/230/34 551/230/34 539/242/34
f 166/231/33 154/243/33 538/243/33 550/231/33
f 153/244/34 165/232/34 549/232/34 537/244/34
f 164/233/33 152/245/33 536/245/33 548/233/33
f 151/246/34 163/234/34 547/234/34 535/246/34
f 162/235/33 150/247/33 534/247/33 546/235/33
f 149/248/34 161/236/34 545/236/34 533/248/34
f 160/237/33 148/249/33 532/249/33 544/237/33
f 147/250/34 159/238/34 543/238/34 531/250/34
f 158/239/33 146/251/33 530/251/33 542/239/33
f 145/252/34 157/240/34 541/240/34 529/252/34
f 156/241/33 144/253/33 528/253/33 540/241/33
f 143/254/34 155/242/34 539/242/34 527/254/34
f 154/243/33 142/255/33 526/255/33 538/243/33
f 141/256/34 153/244/34 537/244/34 525/256/34
f 152/245/33 140/257/33 524/257/33 536/245/33
f 139/258/34 151/246/34 535/246/34 523/258/34
f 150/247/33 138/259/33 522/259/33 534/247/33
f 137/260/34 149/248/34 533/248/34 521/260/34
f 148/249/33 136/261/33 520/261/33 532/249/33
f 135/262/34 147/250/34 531/250/34 519/262/34
f 146/251/33 134/263/33 518/263/33 530/251/33
f 133/264/34 145/252/34 529/252/34 517/264/34
f 144/253/33 132/265/33 516/265/33 528/253/33
f 131/266/34 143/254/34 527/254/34 515/266/34
f 142/255/33 130/267/33 514/267/33 526/255/33
f 129/268/34 141/256/34 525/256/34 513/268/34
f 140/257/33 128/269/33 512/269/33 524/257/33
f 127/270/34 139/258/34 523/258/34 511/270/34
f 138/259/33 126/271/33 510/271/33 522/259/33
f 125/272/34 137/260/34 521/260/34 509/272/34
f 136/261/33 124/273/33 508/273/33 520/261/33
f 123/274/34 135/262/34 519/262/34 507/274/34
f 134/263/33 122/275/33 506/275/33 518/263/33
f 121/276/34 133/264/34 517/264/34 505/276/34
f 132/265/33 120/277/33 504/277/33 516/265/33
f 119/278/34 131/266/34 515/266/34 503/278/34
f 130/267/33 118/279/33 502/279/33 514/267/33
f 117/280/34 129/268/34 513/268/34 501/280/34
f 128/269/33 116/281/33 500/281/33 512/269/33
f 115/282/34 127/270/34 511/270/34 499/282/34
f 126/271/33 114/283/33 498/283/33 510/271/33
f 113/284/34 125/272/34 509/272/34 497/284/34
f 124/273/33 112/285/33 496/285/33 508/273/33
f 111/286/34 123/274/34 507/274/34 495/286/34
f 122/275/33 110/287/33 494/287/33 506/275/33
f 109/288/34 121/276/34 505/276/34 493/288/34
f 120/277/33 108/289/33 492/289/33 504/277/33
f 107/290/34 119/278/34 503/278/34 491/290/34
f 118/279/33 106/291/33 490/291/33 502/279/33
f 105/292/34 117/280/34 501/280/34 489/292/34
f 116/281/33 104/293/33 488/293/33 500/281/33
f 103/294/34 115/282/34 499/282/34 487/294/34
f 114/283/33 102/295/33 486/295/33 498/283/33
f 101/296/34 113/284/34 497/284/34 485/296/34
f 112/285/33 100/297/33 484/297/33 496/285/33
f 99/298/34 111/286/34 495/286/34 483/298/34
f 110/287/33 98/299/33 482/299/33 494/287/33
f 97/300/34 109/288/34 493/288/34 481/300/34
f 108/289/33 96/301/33 480/301/33 492/289/33
f 95/302/34 107/290/34 491/290/34 479/302/34
f 106/291/33 94/303/33 478/303/33 490/291/33
f 93/304/34 105/292/34 489/292/34 477/304/34
f 104/293/33 92/305/33 476/305/33 488/293/33
f 91/306/34 103/294/34 487/294/34 475/306/34
f 102/295/33 90/307/33 474/307/33 486/295/33
f 89/308/34 101/296/34 485/296/34 473/308/34
f 100/297/33 88/309/33 472/309/33 484/297/33
f 87/310/34 99/298/34 483/298/34 471/310/34
f 98/299/33 86/311/33 470/311/33 482/299/33
f 85/312/34 97/300/34 481/300/34 469/312/34
f 96/301/33 84/313/33 468/313/33 480/301/33
f 83/314/34 95/302/34 479/302/34 467/314/34
f 94/303/33 82/315/33 466/315/33 478/303/33
f 81/316/34 93/304/34 477/304/34 465/316/34
f 92/305/33 80/317/33 464/317/33 476/305/33
f 79/318/34 91/306/34 475/306/34 463/318/34
f 90/307/33 78/319/33 462/319/33 474/307/33
f 77/320/34 89/308/34 473/308/34 461/320/34
f 88/309/33 76/321/33 460/321/33 472/309/33
f 75/322/34 87/310/34 471/310/34 459/322/34
f 86/311/33 74/323/33 458/323/33 470/311/33
f 73/324/34 85/312/34 469/312/34 457/324/34
f 84/313/33 72/325/33 456/325/33 468/313/33
f 71/326/34 83/314/34 467/314/34 455/326/34
f 82/315/33 70/327/33 454/327/33 466/315/33
f 69/328/34 81/316/34 465/316/34 453/328/34
f 80/317/33 68/329/33 452/329/33 464/317/33
f 67/330/34 79/318/34 463/318/34 451/330/34
f 78/319/33 66/331/33 450/331/33 462/319/33
f 65/332/34 77/320/34 461/320/34 449/332/34
f 76/321/33 64/333/33 448/333/33 460/321/33
f 63/334/34 75/322/34 459/322/34 447/334/34
f 74/323/33 62/335/33 446/335/33 458/323/33
f 61/336/34 73/324/34 457/324/34 445/336/34
f 72/325/33 60/337/33 444/337/33 456/325/33
f 59/338/34 71/326/34 455/326/34 443/338/34
f 70/327/33 58/339/33 442/339/33 454/327/33
f 57/340/34 69/328/34 453/328/34 441/340/34
f 68/329/33 56/341/33 440/341/33 452/329/33
f 55/342/34 67/330/34 451/330/34 439/342/34
f 66/331/33 54/343/33 438/343/33 450/331/33
f 53/344/34 65/332/34 449/332/34 437/344/34
f 64/333/33 52/345/33 436/345/33 448/333/33
f 51/346/34 63/334/34 447/334/34 435/346/34
f 62/335/33 50/347/33 434/347/33 446/335/33
f 49/348/34 61/336/34 445/336/34 433/348/34
f 60/337/33 48/349/33 432/349/33 444/337/33
f 47/350/34 59/338/34 443/338/34 431/350/34
f 58/339/33 46/351/33 430/351/33 442/339/33
f 45/352/34 57/340/34 441/340/34 429/352/34
f 56/341/33 44/353/33 428/353/33 440/341/33
f 43/354/34 55/342/34 439/342/34 427/354/34
f 54/343/33 42/355/33 426/355/33 438/343/33
f 41/356/34 53/344/34 437/344/34 425/356/34
f 52/345/33 40/357/33 424/357/33 436/345/33
f 39/358/34 51/346/34 435/346/34 423/358/34
f 50/347/33 38/359/33 422/359/33 434/347/33
f 37/360/34 49/348/34 433/348/34 421/360/34
f 48/349/33 36/361/33 420/361/33 432/349/33
f 35/362/34 47/350/34 431/350/34 419/362/34
f 46/351/33 34/363/33 418/363/33 430/351/33
f 33/364/34 45/352/34 429/352/34 417/364/34
f 44/353/33 32/365/33 416/365/33 428/353/33
f 31/366/34 43/354/34 427/354/34 415/366/34
f 42/355/33 30/367/33 414/367/33 426/355/33
f 29/368/34 41/356/34 425/356/34 413/368/34
f 40/357/33 28/369/33 412/369/33 424/357/33
f 27/370/34 39/358/34 423/358/34 411/370/34
f 38/359/33 26/371/33 410/371/33 422/359/33
f 25/372/34 37/360/34 421/360/34 409/372/34
f 36/361/33 24/373/33 408/373/33 420/361/33
f 23/374/34 35/362/34 419/362/34 407/374/34
f 34/363/33 22/375/33 406/375/33 418/363/33
f 21/376/34 33/364/34 417/364/34 405/376/34
f 32/365/33 20/377/33 404/377/33 416/365/33
f 19/378/34 31/366/34 415/366/34 403/378/34
f 30/367/33 18/379/33 402/379/33 414/367/33
f 17/380/34 29/368/34 413/368/34 401/380/34
f 28/369/33 16/381/33 400/381/33 412/369/33
f 15/382/34 27/370/34 411/370/34 399/382/34
f 26/371/33 14/383/33 398/383/33 410/371/33
f 13/384/34 25/372/34 409/372/34 397/384/34
f 24/373/33 1/385/33 385/385/33 408/373/33
f 2/386/34 23/374/34 407/374/34 386/386/34
f 22/375/33 3/387/33 387/387/33 406/375/33
f 4/388/34 21/376/34 405/376/34 388/388/34
f 20/377/33 5/389/33 389/389/33 404/377/33
f 6/390/34 19/378/34 403/378/34 390/390/34
f 18/379/33 7/391/33 391/391/33 402/379/33
f 8/392/34 17/380/34 401/380/34 392/392/34
f 16/381/33 9/393/33 393/393/33 400/381/33
f 10/394/34 15/382/34 399/382/34 394/394/34
f 14/383/33 11/395/33 395/395/33 398/383/33
f 12/396/34 13/384/34 397/384/34 396/396/34
f 806/397/34 804/398/34 914/398/34 915/397/34
f 777/399/35 779/400/35 838/400/35 837/399/35
f 833/401/34 834/402/34 835/403/34 836/404/34 837/405/34 838/406/34 839/407/34 840/408/34 841/409/34 842/410/34 843/411/34 844/412/34 845/413/34 846/414/34 847/415/34 848/416/34 849/417/34 850/418/34 851/419/34 852/420/34 853/421/34 854/422/34 855/423/34 856/424/34 857/425/34 858/426/34 859/427/34 860/428/34 861/429/34 862/430/34 863/431/34 864/432/34
f 795/433/36 797/434/36 847/434/36 846/433/36
f 769/435/37 771/436/37 834/436/37 833/435/37
f 813/437/38 815/438/38 856/438/38 855/437/38
f 831/439/39 769/440/39 833/440/39 864/439/39
f 787/441/40 789/442/40 843/442/40 842/441/40
f 805/443/41 807/444/41 852/444/41 851/443/41
f 823/445/42 825/446/42 861/446/42 860/445/42
f 779/400/43 781/447/43 839/447/43 838/400/43
f 797/434/44 799/448/44 848/448/44 847/434/44
f 815/438/45 817/449/45 857/449/45 856/438/45
f 771/436/46 773/450/46 835/450/46 834/436/46
f 789/442/47 791/451/47 844/451/47 843/442/47
f 807/444/48 809/452/48 853/452/48 852/444/48
f 825/446/49 827/453/49 862/453/49 861/446/49
f 781/447/50 783/454/50 840/454/50 839/447/50
f 799/448/51 801/455/51 849/455/51 848/448/51
f 817/449/52 819/456/52 858/456/52 857/449/52
f 773/450/53 775/457/53 836/457/53 835/450/53
f 791/451/54 793/458/54 845/458/54 844/451/54
f 809/452/55 811/459/55 854/459/55 853/452/55
f 827/453/56 829/460/56 863/460/56 862/453/56
f 783/454/57 785/461/57 841/461/57 840/454/57
f 801/455/58 803/462/58 850/462/58 849/455/58
f 819/456/59 821/463/59 859/463/59 858/456/59
f 775/457/60 777/399/60 837/399/60 836/457/60
f 793/458/61 795/433/61 846/433/61 845/458/61
f 811/459/62 813/437/62 855/437/62 854/459/62
f 829/460/63 831/439/63 864/439/63 863/460/63
f 785/461/64 787/441/64 842/441/64 841/461/64
f 803/462/65 805/443/65 851/443/65 850/462/65
f 821/463/66 823/445/66 860/445/66 859/463/66
f 986/464/33 987/465/33 988/466/33 985/467/33
f 889/468/33 890/469/33 954/469/33 953/468/33
f 788/470/34 786/471/34 905/471/34 906/470/34
f 888/472/33 889/468/33 953/468/33 952/472/33
f 887/473/33 888/472/33 952/472/33 951/473/33
f 822/474/34 820/475/34 922/475/34 923/474/34
f 804/398/34 802/476/34 913/476/34 914/398/34
f 886/477/33 887/473/33 951/473/33 950/477/33
f 786/471/34 784/478/34 904/478/34 905/471/34
f 964/479/67 962/480/67 893/480/67 961/479/67
f 869/481/33 978/482/33 877/483/33
f 820/475/34 818/484/34 921/484/34 922/475/34
f 883/485/33 884/486/33 948/486/33 947/485/33
f 802/476/34 800/487/34 912/487/34 913/476/34
f 784/478/34 782/488/34 903/488/34 904/478/34
f 882/489/33 883/485/33 947/485/33 946/489/33
f 881/490/33 882/489/33 946/489/33 945/490/33
f 818/484/34 816/491/34 920/491/34 921/484/34
f 880/492/33 881/490/33 945/490/33 944/492/33
f 800/487/34 798/493/34 911/493/34 912/487/34
f 782/488/34 780/494/34 902/494/34 903/488/34
f 879/495/33 880/492/33 944/492/33 943/495/33
f 770/496/34 832/497/34 928/497/34 898/496/34
f 878/498/33 879/495/33 943/495/33 942/498/33
f 816/491/34 814/499/34 919/499/34 920/491/34
f 798/493/34 796/500/34 910/500/34 911/493/34
f 986/464/33 984/501/33 983/502/33 987/465/33
f 780/494/34 778/503/34 901/503/34 902/494/34
f 980/504/33 981/505/33 979/506/33
f 832/497/34 830/507/34 927/507/34 928/497/34
f 875/508/33 876/509/33 940/509/33 939/508/33
f 814/499/34 812/510/34 918/510/34 919/499/34
f 902/494/68 901/503/68 933/503/68 934/494/68
f 911/493/69 910/500/69 942/500/69 943/493/69
f 920/491/70 919/499/70 951/499/70 952/491/70
f 897/511/71 898/512/71 930/512/71 929/511/71
f 898/496/72 928/497/72 960/497/72 930/496/72
f 907/513/73 906/470/73 938/470/73 939/513/73
f 916/514/74 915/397/74 947/397/74 948/514/74
f 925/515/75 924/516/75 956/516/75 957/515/75
f 903/488/76 902/494/76 934/494/76 935/488/76
f 912/487/77 911/493/77 943/493/77 944/487/77
f 921/484/78 920/491/78 952/491/78 953/484/78
f 899/517/79 897/511/79 929/511/79 931/517/79
f 908/518/80 907/513/80 939/513/80 940/518/80
f 917/519/81 916/514/81 948/514/81 949/519/81
f 926/520/82 925/515/82 957/515/82 958/520/82
f 904/478/83 903/488/83 935/488/83 936/478/83
f 913/476/84 912/487/84 944/487/84 945/476/84
f 922/475/85 921/484/85 953/484/85 954/475/85
f 900/521/86 899/517/86 931/517/86 932/521/86
f 909/522/87 908/518/87 940/518/87 941/522/87
f 918/510/88 917/519/88 949/519/88 950/510/88
f 927/507/89 926/520/89 958/520/89 959/507/89
f 905/471/90 904/478/90 936/478/90 937/471/90
f 914/398/91 913/476/91 945/476/91 946/398/91
f 923/474/92 922/475/92 954/475/92 955/474/92
f 901/503/93 900/521/93 932/521/93 933/503/93
f 910/500/94 909/522/94 941/522/94 942/500/94
f 919/499/95 918/510/95 950/510/95 951/499/95
f 928/497/96 927/507/96 959/507/96 960/497/96
f 906/470/97 905/471/97 937/471/97 938/470/97
f 915/397/98 914/398/98 946/398/98 947/397/98
f 924/516/99 923/474/99 955/474/99 956/516/99
f 772/511/34 770/512/34 898/512/34 897/511/34
f 824/516/34 822/474/34 923/474/34 924/516/34
f 890/469/33 891/523/33 955/523/33 954/469/33
f 891/523/33 892/524/33 956/524/33 955/523/33
f 866/525/33 865/526/33 929/526/33 930/525/33
f 790/513/34 788/470/34 906/470/34 907/513/34
f 970/506/100 968/504/100 980/504/100 979/506/100
f 808/514/34 806/397/34 915/397/34 916/514/34
f 865/526/33 867/527/33 931/527/33 929/526/33
f 826/515/34 824/516/34 924/516/34 925/515/34
f 976/466/101 966/482/101 978/482/101 988/466/101
f 867/527/33 868/528/33 932/528/33 931/527/33
f 774/517/34 772/511/34 897/511/34 899/517/34
f 894/529/33 895/530/33 959/530/33 958/529/33
f 792/518/34 790/513/34 907/513/34 908/518/34
f 971/502/101 975/465/101 987/465/101 983/502/101
f 895/530/33 896/531/33 960/531/33 959/530/33
f 810/519/34 808/514/34 916/514/34 917/519/34
f 985/467/33 885/532/33 893/480/33 986/464/33
f 828/520/34 826/515/34 925/515/34 926/520/34
f 896/531/33 866/525/33 930/525/33 960/531/33
f 870/533/33 871/534/33 935/534/33 934/533/33
f 776/521/34 774/517/34 899/517/34 900/521/34
f 794/522/34 792/518/34 908/518/34 909/522/34
f 871/534/33 872/535/33 936/535/33 935/534/33
f 812/510/34 810/519/34 917/519/34 918/510/34
f 872/535/33 873/536/33 937/536/33 936/535/33
f 830/507/34 828/520/34 926/520/34 927/507/34
f 873/536/33 874/537/33 938/537/33 937/536/33
f 778/503/34 776/521/34 900/521/34 901/503/34
f 796/500/34 794/522/34 909/522/34 910/500/34
f 874/537/33 875/508/33 939/508/33 938/537/33
f 969/505/102 970/506/102 979/506/102 981/505/102
f 965/481/103 977/467/103 985/467/103 869/481/103
f 974/464/103 972/501/103 984/501/103 986/464/103
f 869/481/33 985/467/33 988/466/33 978/482/33
f 980/504/33 988/466/33 987/465/33 981/505/33
f 983/502/33 984/501/33 982/538/33
f 893/480/33 885/532/33 961/479/33
f 966/482/104 967/483/104 877/483/104 978/482/104
f 975/465/105 969/505/105 981/505/105 987/465/105
f 972/501/106 973/538/106 982/538/106 984/501/106
f 968/504/107 976/466/107 988/466/107 980/504/107
f 967/483/108 965/481/108 869/481/108 877/483/108
f 962/480/105 974/464/105 986/464/105 893/480/105
f 963/532/109 964/479/109 961/479/109 885/532/109
f 973/538/110 971/502/110 983/502/110 982/538/110
f 977/467/107 963/532/107 885/532/107 985/467/107
f 868/528/33 962/480/33 964/479/33 933/539/33 932/528/33
f 963/532/33 977/467/33 873/536/33 872/535/33 871/534/33 870/533/33
f 865/526/33 866/525/33 974/464/33 962/480/33 868/528/33 867/527/33
f 964/479/33 963/532/33 870/533/33 934/533/33 933/539/33
f 873/536/33 977/467/33 965/481/33 876/509/33 875/508/33 874/537/33
f 967/483/33 966/482/33 878/498/33 942/498/33 941/540/33
f 876/509/33 965/481/33 967/483/33 941/540/33 940/509/33
f 966/482/33 976/466/33 881/490/33 880/492/33 879/495/33 878/498/33
f 881/490/33 976/466/33 968/504/33 884/486/33 883/485/33 882/489/33
f 970/506/33 969/505/33 886/477/33 950/477/33 949/541/33
f 884/486/33 968/504/33 970/506/33 949/541/33 948/486/33
f 969/505/33 975/465/33 889/468/33 888/472/33 887/473/33 886/477/33
f 971/502/33 892/524/33 891/523/33 890/469/33 889/468/33 975/465/33
f 973/538/33 972/501/33 894/529/33 958/529/33 957/538/33
f 892/524/33 971/502/33 973/538/33 957/538/33 956/524/33
f 974/464/33 866/525/33 896/531/33 895/530/33 894/529/33 972/501/33
f 769/435/32 990/386/32 1011/374/32 771/436/32
f 831/439/1 1371/4/1 990/3/1 769/440/1
f 989/385/32 992/388/32 1009/376/32 1012/373/32
f 1372/1/1 1369/8/1 992/7/1 989/2/1
f 991/387/32 994/390/32 1007/378/32 1010/375/32
f 1370/5/1 1367/12/1 994/11/1 991/6/1
f 993/389/32 996/392/32 1005/380/32 1008/377/32
f 1368/9/1 1365/16/1 996/15/1 993/10/1
f 995/391/32 998/394/32 1003/382/32 1006/379/32
f 1366/13/1 1363/20/1 998/19/1 995/14/1
f 997/393/32 1000/396/32 1001/384/32 1004/381/32
f 1364/17/1 1361/24/1 1000/23/1 997/18/1
f 1362/21/1 832/497/1 770/496/1 999/22/1
f 999/395/32 770/512/32 772/511/32 1002/383/32
f 1002/383/31 772/511/31 774/517/31 1014/371/31
f 1004/381/31 1001/384/31 1013/372/31 1016/369/31
f 1006/379/31 1003/382/31 1015/370/31 1018/367/31
f 1008/377/31 1005/380/31 1017/368/31 1020/365/31
f 1010/375/31 1007/378/31 1019/366/31 1022/363/31
f 1012/373/31 1009/376/31 1021/364/31 1024/361/31
f 771/436/31 1011/374/31 1023/362/31 773/450/31
f 1014/371/30 774/517/30 776/521/30 1026/359/30
f 1016/369/30 1013/372/30 1025/360/30 1028/357/30
f 1018/367/30 1015/370/30 1027/358/30 1030/355/30
f 1020/365/30 1017/368/30 1029/356/30 1032/353/30
f 1022/363/30 1019/366/30 1031/354/30 1034/351/30
f 1024/361/30 1021/364/30 1033/352/30 1036/349/30
f 773/450/30 1023/362/30 1035/350/30 775/457/30
f 1026/359/29 776/521/29 778/503/29 1038/347/29
f 1028/357/29 1025/360/29 1037/348/29 1040/345/29
f 1030/355/29 1027/358/29 1039/346/29 1042/343/29
f 1032/353/29 1029/356/29 1041/344/29 1044/341/29
f 1034/351/29 1031/354/29 1043/342/29 1046/339/29
f 1036/349/29 1033/352/29 1045/340/29 1048/337/29
f 775/457/29 1035/350/29 1047/338/29 777/399/29
f 1038/347/28 778/503/28 780/494/28 1050/335/28
f 1040/345/28 1037/348/28 1049/336/28 1052/333/28
f 1042/343/28 1039/346/28 1051/334/28 1054/331/28
f 1044/341/28 1041/344/28 1053/332/28 1056/329/28
f 1046/339/28 1043/342/28 1055/330/28 1058/327/28
f 1048/337/28 1045/340/28 1057/328/28 1060/325/28
f 777/399/28 1047/338/28 1059/326/28 779/400/28
f 1050/335/27 780/494/27 782/488/27 1062/323/27
f 1052/333/27 1049/336/27 1061/324/27 1064/321/27
f 1054/331/27 1051/334/27 1063/322/27 1066/319/27
f 1056/329/27 1053/332/27 1065/320/27 1068/317/27
f 1058/327/27 1055/330/27 1067/318/27 1070/315/27
f 1060/325/27 1057/328/27 1069/316/27 1072/313/27
f 779/400/27 1059/326/27 1071/314/27 781/447/27
f 1062/323/26 782/488/26 784/478/26 1074/311/26
f 1064/321/26 1061/324/26 1073/312/26 1076/309/26
f 1066/319/26 1063/322/26 1075/310/26 1078/307/26
f 1068/317/26 1065/320/26 1077/308/26 1080/305/26
f 1070/315/26 1067/318/26 1079/306/26 1082/303/26
f 1072/313/26 1069/316/26 1081/304/26 1084/301/26
f 781/447/26 1071/314/26 1083/302/26 783/454/26
f 1074/311/25 784/478/25 786/471/25 1086/299/25
f 1076/309/25 1073/312/25 1085/300/25 1088/297/25
f 1078/307/25 1075/310/25 1087/298/25 1090/295/25
f 1080/305/25 1077/308/25 1089/296/25 1092/293/25
f 1082/303/25 1079/306/25 1091/294/25 1094/291/25
f 1084/301/25 1081/304/25 1093/292/25 1096/289/25
f 783/454/25 1083/302/25 1095/290/25 785/461/25
f 1086/299/24 786/471/24 788/470/24 1098/287/24
f 1088/297/24 1085/300/24 1097/288/24 1100/285/24
f 1090/295/24 1087/298/24 1099/286/24 1102/283/24
f 1092/293/24 1089/296/24 1101/284/24 1104/281/24
f 1094/291/24 1091/294/24 1103/282/24 1106/279/24
f 1096/289/24 1093/292/24 1105/280/24 1108/277/24
f 785/461/24 1095/290/24 1107/278/24 787/441/24
f 1098/287/23 788/470/23 790/513/23 1110/275/23
f 1100/285/23 1097/288/23 1109/276/23 1112/273/23
f 1102/283/23 1099/286/23 1111/274/23 1114/271/23
f 1104/281/23 1101/284/23 1113/272/23 1116/269/23
f 1106/279/23 1103/282/23 1115/270/23 1118/267/23
f 1108/277/23 1105/280/23 1117/268/23 1120/265/23
f 787/441/23 1107/278/23 1119/266/23 789/442/23
f 1110/275/22 790/513/22 792/518/22 1122/263/22
f 1112/273/22 1109/276/22 1121/264/22 1124/261/22
f 1114/271/22 1111/274/22 1123/262/22 1126/259/22
f 1116/269/22 1113/272/22 1125/260/22 1128/257/22
f 1118/267/22 1115/270/22 1127/258/22 1130/255/22
f 1120/265/22 1117/268/22 1129/256/22 1132/253/22
f 789/442/22 1119/266/22 1131/254/22 791/451/22
f 1122/263/21 792/518/21 794/522/21 1134/251/21
f 1124/261/21 1121/264/21 1133/252/21 1136/249/21
f 1126/259/21 1123/262/21 1135/250/21 1138/247/21
f 1128/257/21 1125/260/21 1137/248/21 1140/245/21
f 1130/255/21 1127/258/21 1139/246/21 1142/243/21
f 1132/253/21 1129/256/21 1141/244/21 1144/241/21
f 791/451/21 1131/254/21 1143/242/21 793/458/21
f 1134/251/20 794/522/20 796/500/20 1146/239/20
f 1136/249/20 1133/252/20 1145/240/20 1148/237/20
f 1138/247/20 1135/250/20 1147/238/20 1150/235/20
f 1140/245/20 1137/248/20 1149/236/20 1152/233/20
f 1142/243/20 1139/246/20 1151/234/20 1154/231/20
f 1144/241/20 1141/244/20 1153/232/20 1156/229/20
f 793/458/20 1143/242/20 1155/230/20 795/433/20
f 1146/239/19 796/500/19 798/493/19 1158/227/19
f 1148/237/19 1145/240/19 1157/228/19 1160/225/19
f 1150/235/19 1147/238/19 1159/226/19 1162/223/19
f 1152/233/19 1149/236/19 1161/224/19 1164/221/19
f 1154/231/19 1151/234/19 1163/222/19 1166/219/19
f 1156/229/19 1153/232/19 1165/220/19 1168/217/19
f 795/433/19 1155/230/19 1167/218/19 797/434/19
f 1158/227/18 798/493/18 800/487/18 1170/215/18
f 1160/225/18 1157/228/18 1169/216/18 1172/213/18
f 1162/223/18 1159/226/18 1171/214/18 1174/211/18
f 1164/221/18 1161/224/18 1173/212/18 1176/209/18
f 1166/219/18 1163/222/18 1175/210/18 1178/207/18
f 1168/217/18 1165/220/18 1177/208/18 1180/205/18
f 797/434/18 1167/218/18 1179/206/18 799/448/18
f 1170/215/17 800/487/17 802/476/17 1182/203/17
f 1172/213/17 1169/216/17 1181/204/17 1184/201/17
f 1174/211/17 1171/214/17 1183/202/17 1186/199/17
f 1176/209/17 1173/212/17 1185/200/17 1188/197/17
f 1178/207/17 1175/210/17 1187/198/17 1190/195/17
f 1180/205/17 1177/208/17 1189/196/17 1192/193/17
f 799/448/17 1179/206/17 1191/194/17 801/455/17
f 1182/203/16 802/476/16 804/398/16 1194/191/16
f 1184/201/16 1181/204/16 1193/192/16 1196/189/16
f 1186/199/16 1183/202/16 1195/190/16 1198/187/16
f 1188/197/16 1185/200/16 1197/188/16 1200/185/16
f 1190/195/16 1187/198/16 1199/186/16 1202/183/16
f 1192/193/16 1189/196/16 1201/184/16 1204/181/16
f 801/455/16 1191/194/16 1203/182/16 803/462/16
f 1194/191/15 804/398/15 806/397/15 1206/179/15
f 1196/189/15 1193/192/15 1205/180/15 1208/177/15
f 1198/187/15 1195/190/15 1207/178/15 1210/175/15
f 1200/185/15 1197/188/15 1209/176/15 1212/173/15
f 1202/183/15 1199/186/15 1211/174/15 1214/171/15
f 1204/181/15 1201/184/15 1213/172/15 1216/169/15
f 803/462/15 1203/182/15 1215/170/15 805/443/15
f 1206/179/14 806/397/14 808/514/14 1218/167/14
f 1208/177/14 1205/180/14 1217/168/14 1220/165/14
f 1210/175/14 1207/178/14 1219/166/14 1222/163/14
f 1212/173/14 1209/176/14 1221/164/14 1224/161/14
f 1214/171/14 1211/174/14 1223/162/14 1226/159/14
f 1216/169/14 1213/172/14 1225/160/14 1228/157/14
f 805/443/14 1215/170/14 1227/158/14 807/444/14
f 1218/167/13 808/514/13 810/519/13 1230/155/13
f 1220/165/13 1217/168/13 1229/156/13 1232/153/13
f 1222/163/13 1219/166/13 1231/154/13 1234/151/13
f 1224/161/13 1221/164/13 1233/152/13 1236/149/13
f 1226/159/13 1223/162/13 1235/150/13 1238/147/13
f 1228/157/13 1225/160/13 1237/148/13 1240/145/13
f 807/444/13 1227/158/13 1239/146/13 809/452/13
f 1230/155/12 810/519/12 812/510/12 1242/143/12
f 1232/153/12 1229/156/12 1241/144/12 1244/141/12
f 1234/151/12 1231/154/12 1243/142/12 1246/139/12
f 1236/149/12 1233/152/12 1245/140/12 1248/137/12
f 1238/147/12 1235/150/12 1247/138/12 1250/135/12
f 1240/145/12 1237/148/12 1249/136/12 1252/133/12
f 809/452/12 1239/146/12 1251/134/12 811/459/12
f 1242/143/11 812/510/11 814/499/11 1254/131/11
f 1244/141/11 1241/144/11 1253/132/11 1256/129/11
f 1246/139/11 1243/142/11 1255/130/11 1258/127/11
f 1248/137/11 1245/140/11 1257/128/11 1260/125/11
f 1250/135/11 1247/138/11 1259/126/11 1262/123/11
f 1252/133/11 1249/136/11 1261/124/11 1264/121/11
f 811/459/11 1251/134/11 1263/122/11 813/437/11
f 1254/131/10 814/499/10 816/491/10 1266/119/10
f 1256/129/10 1253/132/10 1265/120/10 1268/117/10
f 1258/127/10 1255/130/10 1267/118/10 1270/115/10
f 1260/125/10 1257/128/10 1269/116/10 1272/113/10
f 1262/123/10 1259/126/10 1271/114/10 1274/111/10
f 1264/121/10 1261/124/10 1273/112/10 1276/109/10
f 813/437/10 1263/122/10 1275/110/10 815/438/10
f 1266/119/9 816/491/9 818/484/9 1278/107/9
f 1268/117/9 1265/120/9 1277/108/9 1280/105/9
f 1270/115/9 1267/118/9 1279/106/9 1282/103/9
f 1272/113/9 1269/116/9 1281/104/9 1284/101/9
f 1274/111/9 1271/114/9 1283/102/9 1286/99/9
f 1276/109/9 1273/112/9 1285/100/9 1288/97/9
f 815/438/9 1275/110/9 1287/98/9 817/449/9
f 1278/107/8 818/484/8 820/475/8 1290/95/8
f 1280/105/8 1277/108/8 1289/96/8 1292/93/8
f 1282/103/8 1279/106/8 1291/94/8 1294/91/8
f 1284/101/8 1281/104/8 1293/92/8 1296/89/8
f 1286/99/8 1283/102/8 1295/90/8 1298/87/8
f 1288/97/8 1285/100/8 1297/88/8 1300/85/8
f 817/449/8 1287/98/8 1299/86/8 819/456/8
f 1290/95/7 820/475/7 822/474/7 1302/83/7
f 1292/93/7 1289/96/7 1301/84/7 1304/81/7
f 1294/91/7 1291/94/7 1303/82/7 1306/79/7
f 1296/89/7 1293/92/7 1305/80/7 1308/77/7
f 1298/87/7 1295/90/7 1307/78/7 1310/75/7
f 1300/85/7 1297/88/7 1309/76/7 1312/73/7
f 819/456/7 1299/86/7 1311/74/7 821/463/7
f 1302/83/6 822/474/6 824/516/6 1314/71/6
f 1304/81/6 1301/84/6 1313/72/6 1316/69/6
f 1306/79/6 1303/82/6 1315/70/6 1318/67/6
f 1308/77/6 1305/80/6 1317/68/6 1320/65/6
f 1310/75/6 1307/78/6 1319/66/6 1322/63/6
f 1312/73/6 1309/76/6 1321/64/6 1324/61/6
f 821/463/6 1311/74/6 1323/62/6 823/445/6
f 1314/71/5 824/516/5 826/515/5 1326/59/5
f 1316/69/5 1313/72/5 1325/60/5 1328/57/5
f 1318/67/5 1315/70/5 1327/58/5 1330/55/5
f 1320/65/5 1317/68/5 1329/56/5 1332/53/5
f 1322/63/5 1319/66/5 1331/54/5 1334/51/5
f 1324/61/5 1321/64/5 1333/52/5 1336/49/5
f 823/445/5 1323/62/5 1335/50/5 825/446/5
f 1326/59/4 826/515/4 828/520/4 1338/47/4
f 1328/57/4 1325/60/4 1337/48/4 1340/45/4
f 1330/55/4 1327/58/4 1339/46/4 1342/43/4
f 1332/53/4 1329/56/4 1341/44/4 1344/41/4
f 1334/51/4 1331/54/4 1343/42/4 1346/39/4
f 1336/49/4 1333/52/4 1345/40/4 1348/37/4
f 825/446/4 1335/50/4 1347/38/4 827/453/4
f 1338/47/3 828/520/3 830/507/3 1350/35/3
f 1340/45/3 1337/48/3 1349/36/3 1352/33/3
f 1342/43/3 1339/46/3 1351/34/3 1354/31/3
f 1344/41/3 1341/44/3 1353/32/3 1356/29/3
f 1346/39/3 1343/42/3 1355/30/3 1358/27/3
f 1348/37/3 1345/40/3 1357/28/3 1360/25/3
f 827/453/3 1347/38/3 1359/26/3 829/460/3
f 1350/35/2 830/507/2 832/497/2 1362/21/2
f 1352/33/2 1349/36/2 1361/24/2 1364/17/2
f 1354/31/2 1351/34/2 1363/20/2 1366/13/2
f 1356/29/2 1353/32/2 1365/16/2 1368/9/2
f 1358/27/2 1355/30/2 1367/12/2 1370/5/2
f 1360/25/2 1357/28/2 1369/8/2 1372/1/2
f 829/460/2 1359/26/2 1371/4/2 831/439/2
